Station Name,State,Data Type,Value,Value_Type,Date
Squaw, CA,PRECIPITATION INCREMENT,0.1,in,01/01/2021
Squaw, CA,PRECIPITATION INCREMENT,0.1,in,01/02/2021
Squaw, CA,PRECIPITATION INCREMENT,0.1,in,01/03/2021
Squaw, CA,PRECIPITATION INCREMENT,1.4,in,01/04/2021
Squaw, CA,PRECIPITATION INCREMENT,0.0,in,01/05/2021
Squaw, CA,PRECIPITATION INCREMENT,0.1,in,01/06/2021
Squaw, CA,PRECIPITATION INCREMENT,0.0,in,01/07/2021
Squaw, CA,PRECIPITATION INCREMENT,0.0,in,01/08/2021
Squaw, CA,PRECIPITATION INCREMENT,0.0,in,01/09/2021
Squaw, CA,PRECIPITATION INCREMENT,0.0,in,01/10/2021
Squaw, CA,PRECIPITATION INCREMENT,0.2,in,01/11/2021
Squaw, CA,PRECIPITATION INCREMENT,0.0,in,01/12/2021
Squaw, CA,PRECIPITATION INCREMENT,0.0,in,01/13/2021
Squaw, CA,PRECIPITATION INCREMENT,0.0,in,01/14/2021
Squaw, CA,PRECIPITATION INCREMENT,0.0,in,01/15/2021
Squaw, CA,PRECIPITATION INCREMENT,0.0,in,01/16/2021
Squaw, CA,PRECIPITATION INCREMENT,0.0,in,01/17/2021
Squaw, CA,PRECIPITATION INCREMENT,0.0,in,01/18/2021
Squaw, CA,PRECIPITATION INCREMENT,0.0,in,01/19/2021
Squaw, CA,PRECIPITATION INCREMENT,0.0,in,01/20/2021
Squaw, CA,PRECIPITATION INCREMENT,0.0,in,01/21/2021
Squaw, CA,PRECIPITATION INCREMENT,0.1,in,01/22/2021
Squaw, CA,PRECIPITATION INCREMENT,0.0,in,01/23/2021
Squaw, CA,PRECIPITATION INCREMENT,0.4,in,01/24/2021
Squaw, CA,PRECIPITATION INCREMENT,0.0,in,01/25/2021
Squaw, CA,PRECIPITATION INCREMENT,0.4,in,01/26/2021
Squaw, CA,PRECIPITATION INCREMENT,1.6,in,01/27/2021
Squaw, CA,PRECIPITATION INCREMENT,2.4,in,01/28/2021
Squaw, CA,PRECIPITATION INCREMENT,0.5,in,01/29/2021
Squaw, CA,PRECIPITATION INCREMENT,0.0,in,01/30/2021
Squaw, CA,PRECIPITATION INCREMENT,0.0,in,01/31/2021
Squaw, CA,PRECIPITATION INCREMENT,0.0,in,02/01/2021
Squaw, CA,PRECIPITATION INCREMENT,0.2,in,02/02/2021
Squaw, CA,PRECIPITATION INCREMENT,0.1,in,02/03/2021
Squaw, CA,PRECIPITATION INCREMENT,0.0,in,02/04/2021
Squaw, CA,PRECIPITATION INCREMENT,0.0,in,02/05/2021
Squaw, CA,PRECIPITATION INCREMENT,0.0,in,02/06/2021
Squaw, CA,PRECIPITATION INCREMENT,0.0,in,02/07/2021
Squaw, CA,PRECIPITATION INCREMENT,0.1,in,02/08/2021
Squaw, CA,PRECIPITATION INCREMENT,0.0,in,02/09/2021
Squaw, CA,PRECIPITATION INCREMENT,0.0,in,02/10/2021
Squaw, CA,PRECIPITATION INCREMENT,1.3,in,02/11/2021
Squaw, CA,PRECIPITATION INCREMENT,0.2,in,02/12/2021
Squaw, CA,PRECIPITATION INCREMENT,1.3,in,02/13/2021
Squaw, CA,PRECIPITATION INCREMENT,0.1,in,02/14/2021
Squaw, CA,PRECIPITATION INCREMENT,0.2,in,02/15/2021
Squaw, CA,PRECIPITATION INCREMENT,0.0,in,02/16/2021
Squaw, CA,PRECIPITATION INCREMENT,0.0,in,02/17/2021
Squaw, CA,PRECIPITATION INCREMENT,0.0,in,02/18/2021
Squaw, CA,PRECIPITATION INCREMENT,0.2,in,02/19/2021
Squaw, CA,PRECIPITATION INCREMENT,0.0,in,02/20/2021
Squaw, CA,PRECIPITATION INCREMENT,0.0,in,02/21/2021
Squaw, CA,PRECIPITATION INCREMENT,0.0,in,02/22/2021
Squaw, CA,PRECIPITATION INCREMENT,0.0,in,02/23/2021
Squaw, CA,PRECIPITATION INCREMENT,0.0,in,02/24/2021
Squaw, CA,PRECIPITATION INCREMENT,0.0,in,02/25/2021
Squaw, CA,PRECIPITATION INCREMENT,0.0,in,02/26/2021
Squaw, CA,PRECIPITATION INCREMENT,0.0,in,02/27/2021
Squaw, CA,PRECIPITATION INCREMENT,0.0,in,02/28/2021
Squaw, CA,PRECIPITATION INCREMENT,0.0,in,03/01/2021
Squaw, CA,PRECIPITATION INCREMENT,0.0,in,03/02/2021
Squaw, CA,PRECIPITATION INCREMENT,0.0,in,03/03/2021
Squaw, CA,PRECIPITATION INCREMENT,0.0,in,03/04/2021
Squaw, CA,PRECIPITATION INCREMENT,0.0,in,03/05/2021
Squaw, CA,PRECIPITATION INCREMENT,0.3,in,03/06/2021
Squaw, CA,PRECIPITATION INCREMENT,0.0,in,03/07/2021
Squaw, CA,PRECIPITATION INCREMENT,0.0,in,03/08/2021
Squaw, CA,PRECIPITATION INCREMENT,0.5,in,03/09/2021
Squaw, CA,PRECIPITATION INCREMENT,0.5,in,03/10/2021
Squaw, CA,PRECIPITATION INCREMENT,0.5,in,03/11/2021
Squaw, CA,PRECIPITATION INCREMENT,0.0,in,03/12/2021
Squaw, CA,PRECIPITATION INCREMENT,0.0,in,03/13/2021
Squaw, CA,PRECIPITATION INCREMENT,0.2,in,03/14/2021
Squaw, CA,PRECIPITATION INCREMENT,0.2,in,03/15/2021
Squaw, CA,PRECIPITATION INCREMENT,0.0,in,03/16/2021
Squaw, CA,PRECIPITATION INCREMENT,0.2,in,03/17/2021
Squaw, CA,PRECIPITATION INCREMENT,0.3,in,03/18/2021
Squaw, CA,PRECIPITATION INCREMENT,0.7,in,03/19/2021
Squaw, CA,PRECIPITATION INCREMENT,0.0,in,03/20/2021
Squaw, CA,PRECIPITATION INCREMENT,0.2,in,03/21/2021
Squaw, CA,PRECIPITATION INCREMENT,0.2,in,03/22/2021
Squaw, CA,PRECIPITATION INCREMENT,0.0,in,03/23/2021
Squaw, CA,PRECIPITATION INCREMENT,0.2,in,03/24/2021
Squaw, CA,PRECIPITATION INCREMENT,0.0,in,03/25/2021
Squaw, CA,PRECIPITATION INCREMENT,0.0,in,03/26/2021
Squaw, CA,PRECIPITATION INCREMENT,0.0,in,03/27/2021
Squaw, CA,PRECIPITATION INCREMENT,0.0,in,03/28/2021
Squaw, CA,PRECIPITATION INCREMENT,0.0,in,03/29/2021
Squaw, CA,PRECIPITATION INCREMENT,0.0,in,03/30/2021
Squaw, CA,PRECIPITATION INCREMENT,0.0,in,03/31/2021
Squaw, CA,PRECIPITATION INCREMENT,0.0,in,04/01/2021
Squaw, CA,PRECIPITATION INCREMENT - SNOW-ADJ,0.1,in,01/01/2021
Squaw, CA,PRECIPITATION INCREMENT - SNOW-ADJ,0.1,in,01/02/2021
Squaw, CA,PRECIPITATION INCREMENT - SNOW-ADJ,0.1,in,01/03/2021
Squaw, CA,PRECIPITATION INCREMENT - SNOW-ADJ,1.4,in,01/04/2021
Squaw, CA,PRECIPITATION INCREMENT - SNOW-ADJ,0.0,in,01/05/2021
Squaw, CA,PRECIPITATION INCREMENT - SNOW-ADJ,0.1,in,01/06/2021
Squaw, CA,PRECIPITATION INCREMENT - SNOW-ADJ,0.0,in,01/07/2021
Squaw, CA,PRECIPITATION INCREMENT - SNOW-ADJ,0.0,in,01/08/2021
Squaw, CA,PRECIPITATION INCREMENT - SNOW-ADJ,0.0,in,01/09/2021
Squaw, CA,PRECIPITATION INCREMENT - SNOW-ADJ,0.0,in,01/10/2021
Squaw, CA,PRECIPITATION INCREMENT - SNOW-ADJ,0.2,in,01/11/2021
Squaw, CA,PRECIPITATION INCREMENT - SNOW-ADJ,0.0,in,01/12/2021
Squaw, CA,PRECIPITATION INCREMENT - SNOW-ADJ,0.0,in,01/13/2021
Squaw, CA,PRECIPITATION INCREMENT - SNOW-ADJ,0.0,in,01/14/2021
Squaw, CA,PRECIPITATION INCREMENT - SNOW-ADJ,0.0,in,01/15/2021
Squaw, CA,PRECIPITATION INCREMENT - SNOW-ADJ,0.0,in,01/16/2021
Squaw, CA,PRECIPITATION INCREMENT - SNOW-ADJ,0.0,in,01/17/2021
Squaw, CA,PRECIPITATION INCREMENT - SNOW-ADJ,0.0,in,01/18/2021
Squaw, CA,PRECIPITATION INCREMENT - SNOW-ADJ,0.0,in,01/19/2021
Squaw, CA,PRECIPITATION INCREMENT - SNOW-ADJ,0.0,in,01/20/2021
Squaw, CA,PRECIPITATION INCREMENT - SNOW-ADJ,0.0,in,01/21/2021
Squaw, CA,PRECIPITATION INCREMENT - SNOW-ADJ,0.1,in,01/22/2021
Squaw, CA,PRECIPITATION INCREMENT - SNOW-ADJ,0.0,in,01/23/2021
Squaw, CA,PRECIPITATION INCREMENT - SNOW-ADJ,0.5,in,01/24/2021
Squaw, CA,PRECIPITATION INCREMENT - SNOW-ADJ,0.0,in,01/25/2021
Squaw, CA,PRECIPITATION INCREMENT - SNOW-ADJ,0.4,in,01/26/2021
Squaw, CA,PRECIPITATION INCREMENT - SNOW-ADJ,1.9,in,01/27/2021
Squaw, CA,PRECIPITATION INCREMENT - SNOW-ADJ,2.5,in,01/28/2021
Squaw, CA,PRECIPITATION INCREMENT - SNOW-ADJ,0.7,in,01/29/2021
Squaw, CA,PRECIPITATION INCREMENT - SNOW-ADJ,0.0,in,01/30/2021
Squaw, CA,PRECIPITATION INCREMENT - SNOW-ADJ,0.0,in,01/31/2021
Squaw, CA,PRECIPITATION INCREMENT - SNOW-ADJ,0.0,in,02/01/2021
Squaw, CA,PRECIPITATION INCREMENT - SNOW-ADJ,0.2,in,02/02/2021
Squaw, CA,PRECIPITATION INCREMENT - SNOW-ADJ,0.1,in,02/03/2021
Squaw, CA,PRECIPITATION INCREMENT - SNOW-ADJ,0.0,in,02/04/2021
Squaw, CA,PRECIPITATION INCREMENT - SNOW-ADJ,0.0,in,02/05/2021
Squaw, CA,PRECIPITATION INCREMENT - SNOW-ADJ,0.0,in,02/06/2021
Squaw, CA,PRECIPITATION INCREMENT - SNOW-ADJ,0.0,in,02/07/2021
Squaw, CA,PRECIPITATION INCREMENT - SNOW-ADJ,0.1,in,02/08/2021
Squaw, CA,PRECIPITATION INCREMENT - SNOW-ADJ,0.0,in,02/09/2021
Squaw, CA,PRECIPITATION INCREMENT - SNOW-ADJ,0.1,in,02/10/2021
Squaw, CA,PRECIPITATION INCREMENT - SNOW-ADJ,1.8,in,02/11/2021
Squaw, CA,PRECIPITATION INCREMENT - SNOW-ADJ,0.2,in,02/12/2021
Squaw, CA,PRECIPITATION INCREMENT - SNOW-ADJ,1.5,in,02/13/2021
Squaw, CA,PRECIPITATION INCREMENT - SNOW-ADJ,0.1,in,02/14/2021
Squaw, CA,PRECIPITATION INCREMENT - SNOW-ADJ,0.2,in,02/15/2021
Squaw, CA,PRECIPITATION INCREMENT - SNOW-ADJ,0.0,in,02/16/2021
Squaw, CA,PRECIPITATION INCREMENT - SNOW-ADJ,0.0,in,02/17/2021
Squaw, CA,PRECIPITATION INCREMENT - SNOW-ADJ,0.0,in,02/18/2021
Squaw, CA,PRECIPITATION INCREMENT - SNOW-ADJ,0.2,in,02/19/2021
Squaw, CA,PRECIPITATION INCREMENT - SNOW-ADJ,0.0,in,02/20/2021
Squaw, CA,PRECIPITATION INCREMENT - SNOW-ADJ,0.0,in,02/21/2021
Squaw, CA,PRECIPITATION INCREMENT - SNOW-ADJ,0.0,in,02/22/2021
Squaw, CA,PRECIPITATION INCREMENT - SNOW-ADJ,0.0,in,02/23/2021
Squaw, CA,PRECIPITATION INCREMENT - SNOW-ADJ,0.0,in,02/24/2021
Squaw, CA,PRECIPITATION INCREMENT - SNOW-ADJ,0.0,in,02/25/2021
Squaw, CA,PRECIPITATION INCREMENT - SNOW-ADJ,0.0,in,02/26/2021
Squaw, CA,PRECIPITATION INCREMENT - SNOW-ADJ,0.0,in,02/27/2021
Squaw, CA,PRECIPITATION INCREMENT - SNOW-ADJ,0.0,in,02/28/2021
Squaw, CA,PRECIPITATION INCREMENT - SNOW-ADJ,0.0,in,03/01/2021
Squaw, CA,PRECIPITATION INCREMENT - SNOW-ADJ,0.0,in,03/02/2021
Squaw, CA,PRECIPITATION INCREMENT - SNOW-ADJ,0.0,in,03/03/2021
Squaw, CA,PRECIPITATION INCREMENT - SNOW-ADJ,0.0,in,03/04/2021
Squaw, CA,PRECIPITATION INCREMENT - SNOW-ADJ,0.0,in,03/05/2021
Squaw, CA,PRECIPITATION INCREMENT - SNOW-ADJ,0.3,in,03/06/2021
Squaw, CA,PRECIPITATION INCREMENT - SNOW-ADJ,0.0,in,03/07/2021
Squaw, CA,PRECIPITATION INCREMENT - SNOW-ADJ,0.0,in,03/08/2021
Squaw, CA,PRECIPITATION INCREMENT - SNOW-ADJ,0.5,in,03/09/2021
Squaw, CA,PRECIPITATION INCREMENT - SNOW-ADJ,0.5,in,03/10/2021
Squaw, CA,PRECIPITATION INCREMENT - SNOW-ADJ,0.5,in,03/11/2021
Squaw, CA,PRECIPITATION INCREMENT - SNOW-ADJ,0.0,in,03/12/2021
Squaw, CA,PRECIPITATION INCREMENT - SNOW-ADJ,0.0,in,03/13/2021
Squaw, CA,PRECIPITATION INCREMENT - SNOW-ADJ,0.2,in,03/14/2021
Squaw, CA,PRECIPITATION INCREMENT - SNOW-ADJ,0.2,in,03/15/2021
Squaw, CA,PRECIPITATION INCREMENT - SNOW-ADJ,0.0,in,03/16/2021
Squaw, CA,PRECIPITATION INCREMENT - SNOW-ADJ,0.2,in,03/17/2021
Squaw, CA,PRECIPITATION INCREMENT - SNOW-ADJ,0.3,in,03/18/2021
Squaw, CA,PRECIPITATION INCREMENT - SNOW-ADJ,1.2,in,03/19/2021
Squaw, CA,PRECIPITATION INCREMENT - SNOW-ADJ,0.0,in,03/20/2021
Squaw, CA,PRECIPITATION INCREMENT - SNOW-ADJ,0.2,in,03/21/2021
Squaw, CA,PRECIPITATION INCREMENT - SNOW-ADJ,0.2,in,03/22/2021
Squaw, CA,PRECIPITATION INCREMENT - SNOW-ADJ,0.0,in,03/23/2021
Squaw, CA,PRECIPITATION INCREMENT - SNOW-ADJ,0.2,in,03/24/2021
Squaw, CA,PRECIPITATION INCREMENT - SNOW-ADJ,0.0,in,03/25/2021
Squaw, CA,PRECIPITATION INCREMENT - SNOW-ADJ,0.0,in,03/26/2021
Squaw, CA,PRECIPITATION INCREMENT - SNOW-ADJ,0.0,in,03/27/2021
Squaw, CA,PRECIPITATION INCREMENT - SNOW-ADJ,0.0,in,03/28/2021
Squaw, CA,PRECIPITATION INCREMENT - SNOW-ADJ,0.0,in,03/29/2021
Squaw, CA,PRECIPITATION INCREMENT - SNOW-ADJ,0.0,in,03/30/2021
Squaw, CA,PRECIPITATION INCREMENT - SNOW-ADJ,0.0,in,03/31/2021
Squaw, CA,PRECIPITATION INCREMENT - SNOW-ADJ,0.0,in,04/01/2021
Squaw, CA,PRECIPITATION ACCUMULATION,9.9,in,01/01/2021
Squaw, CA,PRECIPITATION ACCUMULATION,10.0,in,01/02/2021
Squaw, CA,PRECIPITATION ACCUMULATION,10.1,in,01/03/2021
Squaw, CA,PRECIPITATION ACCUMULATION,10.2,in,01/04/2021
Squaw, CA,PRECIPITATION ACCUMULATION,11.6,in,01/05/2021
Squaw, CA,PRECIPITATION ACCUMULATION,11.6,in,01/06/2021
Squaw, CA,PRECIPITATION ACCUMULATION,11.7,in,01/07/2021
Squaw, CA,PRECIPITATION ACCUMULATION,11.7,in,01/08/2021
Squaw, CA,PRECIPITATION ACCUMULATION,11.7,in,01/09/2021
Squaw, CA,PRECIPITATION ACCUMULATION,11.7,in,01/10/2021
Squaw, CA,PRECIPITATION ACCUMULATION,11.7,in,01/11/2021
Squaw, CA,PRECIPITATION ACCUMULATION,11.9,in,01/12/2021
Squaw, CA,PRECIPITATION ACCUMULATION,11.9,in,01/13/2021
Squaw, CA,PRECIPITATION ACCUMULATION,11.9,in,01/14/2021
Squaw, CA,PRECIPITATION ACCUMULATION,11.9,in,01/15/2021
Squaw, CA,PRECIPITATION ACCUMULATION,11.9,in,01/16/2021
Squaw, CA,PRECIPITATION ACCUMULATION,11.9,in,01/17/2021
Squaw, CA,PRECIPITATION ACCUMULATION,11.9,in,01/18/2021
Squaw, CA,PRECIPITATION ACCUMULATION,11.9,in,01/19/2021
Squaw, CA,PRECIPITATION ACCUMULATION,11.9,in,01/20/2021
Squaw, CA,PRECIPITATION ACCUMULATION,11.9,in,01/21/2021
Squaw, CA,PRECIPITATION ACCUMULATION,11.9,in,01/22/2021
Squaw, CA,PRECIPITATION ACCUMULATION,12.0,in,01/23/2021
Squaw, CA,PRECIPITATION ACCUMULATION,12.0,in,01/24/2021
Squaw, CA,PRECIPITATION ACCUMULATION,12.4,in,01/25/2021
Squaw, CA,PRECIPITATION ACCUMULATION,12.4,in,01/26/2021
Squaw, CA,PRECIPITATION ACCUMULATION,12.8,in,01/27/2021
Squaw, CA,PRECIPITATION ACCUMULATION,14.4,in,01/28/2021
Squaw, CA,PRECIPITATION ACCUMULATION,16.8,in,01/29/2021
Squaw, CA,PRECIPITATION ACCUMULATION,17.3,in,01/30/2021
Squaw, CA,PRECIPITATION ACCUMULATION,17.3,in,01/31/2021
Squaw, CA,PRECIPITATION ACCUMULATION,17.3,in,02/01/2021
Squaw, CA,PRECIPITATION ACCUMULATION,17.3,in,02/02/2021
Squaw, CA,PRECIPITATION ACCUMULATION,17.5,in,02/03/2021
Squaw, CA,PRECIPITATION ACCUMULATION,17.6,in,02/04/2021
Squaw, CA,PRECIPITATION ACCUMULATION,17.6,in,02/05/2021
Squaw, CA,PRECIPITATION ACCUMULATION,17.6,in,02/06/2021
Squaw, CA,PRECIPITATION ACCUMULATION,17.6,in,02/07/2021
Squaw, CA,PRECIPITATION ACCUMULATION,17.6,in,02/08/2021
Squaw, CA,PRECIPITATION ACCUMULATION,17.7,in,02/09/2021
Squaw, CA,PRECIPITATION ACCUMULATION,17.7,in,02/10/2021
Squaw, CA,PRECIPITATION ACCUMULATION,17.7,in,02/11/2021
Squaw, CA,PRECIPITATION ACCUMULATION,19.0,in,02/12/2021
Squaw, CA,PRECIPITATION ACCUMULATION,19.2,in,02/13/2021
Squaw, CA,PRECIPITATION ACCUMULATION,20.5,in,02/14/2021
Squaw, CA,PRECIPITATION ACCUMULATION,20.6,in,02/15/2021
Squaw, CA,PRECIPITATION ACCUMULATION,20.8,in,02/16/2021
Squaw, CA,PRECIPITATION ACCUMULATION,20.8,in,02/17/2021
Squaw, CA,PRECIPITATION ACCUMULATION,20.8,in,02/18/2021
Squaw, CA,PRECIPITATION ACCUMULATION,20.8,in,02/19/2021
Squaw, CA,PRECIPITATION ACCUMULATION,21.0,in,02/20/2021
Squaw, CA,PRECIPITATION ACCUMULATION,21.0,in,02/21/2021
Squaw, CA,PRECIPITATION ACCUMULATION,21.0,in,02/22/2021
Squaw, CA,PRECIPITATION ACCUMULATION,21.0,in,02/23/2021
Squaw, CA,PRECIPITATION ACCUMULATION,21.0,in,02/24/2021
Squaw, CA,PRECIPITATION ACCUMULATION,21.0,in,02/25/2021
Squaw, CA,PRECIPITATION ACCUMULATION,21.0,in,02/26/2021
Squaw, CA,PRECIPITATION ACCUMULATION,21.0,in,02/27/2021
Squaw, CA,PRECIPITATION ACCUMULATION,21.0,in,02/28/2021
Squaw, CA,PRECIPITATION ACCUMULATION,21.0,in,03/01/2021
Squaw, CA,PRECIPITATION ACCUMULATION,21.0,in,03/02/2021
Squaw, CA,PRECIPITATION ACCUMULATION,21.0,in,03/03/2021
Squaw, CA,PRECIPITATION ACCUMULATION,21.0,in,03/04/2021
Squaw, CA,PRECIPITATION ACCUMULATION,21.0,in,03/05/2021
Squaw, CA,PRECIPITATION ACCUMULATION,21.0,in,03/06/2021
Squaw, CA,PRECIPITATION ACCUMULATION,21.3,in,03/07/2021
Squaw, CA,PRECIPITATION ACCUMULATION,21.3,in,03/08/2021
Squaw, CA,PRECIPITATION ACCUMULATION,21.3,in,03/09/2021
Squaw, CA,PRECIPITATION ACCUMULATION,21.8,in,03/10/2021
Squaw, CA,PRECIPITATION ACCUMULATION,22.3,in,03/11/2021
Squaw, CA,PRECIPITATION ACCUMULATION,22.8,in,03/12/2021
Squaw, CA,PRECIPITATION ACCUMULATION,22.8,in,03/13/2021
Squaw, CA,PRECIPITATION ACCUMULATION,22.8,in,03/14/2021
Squaw, CA,PRECIPITATION ACCUMULATION,23.0,in,03/15/2021
Squaw, CA,PRECIPITATION ACCUMULATION,23.2,in,03/16/2021
Squaw, CA,PRECIPITATION ACCUMULATION,23.2,in,03/17/2021
Squaw, CA,PRECIPITATION ACCUMULATION,23.4,in,03/18/2021
Squaw, CA,PRECIPITATION ACCUMULATION,23.7,in,03/19/2021
Squaw, CA,PRECIPITATION ACCUMULATION,24.4,in,03/20/2021
Squaw, CA,PRECIPITATION ACCUMULATION,24.4,in,03/21/2021
Squaw, CA,PRECIPITATION ACCUMULATION,24.6,in,03/22/2021
Squaw, CA,PRECIPITATION ACCUMULATION,24.8,in,03/23/2021
Squaw, CA,PRECIPITATION ACCUMULATION,24.8,in,03/24/2021
Squaw, CA,PRECIPITATION ACCUMULATION,25.0,in,03/25/2021
Squaw, CA,PRECIPITATION ACCUMULATION,25.0,in,03/26/2021
Squaw, CA,PRECIPITATION ACCUMULATION,25.0,in,03/27/2021
Squaw, CA,PRECIPITATION ACCUMULATION,25.0,in,03/28/2021
Squaw, CA,PRECIPITATION ACCUMULATION,25.0,in,03/29/2021
Squaw, CA,PRECIPITATION ACCUMULATION,25.0,in,03/30/2021
Squaw, CA,PRECIPITATION ACCUMULATION,25.0,in,03/31/2021
Squaw, CA,PRECIPITATION ACCUMULATION,25.0,in,04/01/2021
Squaw, CA,Snow Density,28.6,pct,01/01/2021
Squaw, CA,Snow Density,29.7,pct,01/02/2021
Squaw, CA,Snow Density,31.8,pct,01/03/2021
Squaw, CA,Snow Density,32.1,pct,01/04/2021
Squaw, CA,Snow Density,33.3,pct,01/05/2021
Squaw, CA,Snow Density,33.3,pct,01/06/2021
Squaw, CA,Snow Density,34.4,pct,01/07/2021
Squaw, CA,Snow Density,33.3,pct,01/08/2021
Squaw, CA,Snow Density,33.3,pct,01/09/2021
Squaw, CA,Snow Density,34.4,pct,01/10/2021
Squaw, CA,Snow Density,33.3,pct,01/11/2021
Squaw, CA,Snow Density,34.4,pct,01/12/2021
Squaw, CA,Snow Density,35.5,pct,01/13/2021
Squaw, CA,Snow Density,35.2,pct,01/14/2021
Squaw, CA,Snow Density,36.0,pct,01/15/2021
Squaw, CA,Snow Density,35.7,pct,01/16/2021
Squaw, CA,Snow Density,35.3,pct,01/17/2021
Squaw, CA,Snow Density,36.2,pct,01/18/2021
Squaw, CA,Snow Density,37.5,pct,01/19/2021
Squaw, CA,Snow Density,36.2,pct,01/20/2021
Squaw, CA,Snow Density,36.2,pct,01/21/2021
Squaw, CA,Snow Density,36.2,pct,01/22/2021
Squaw, CA,Snow Density,40.8,pct,01/23/2021
Squaw, CA,Snow Density,34.2,pct,01/24/2021
Squaw, CA,Snow Density,30.0,pct,01/25/2021
Squaw, CA,Snow Density,30.0,pct,01/26/2021
Squaw, CA,Snow Density,27.4,pct,01/27/2021
Squaw, CA,Snow Density,19.7,pct,01/28/2021
Squaw, CA,Snow Density,25.6,pct,01/29/2021
Squaw, CA,Snow Density,27.2,pct,01/30/2021
Squaw, CA,Snow Density,27.7,pct,01/31/2021
Squaw, CA,Snow Density,29.6,pct,02/01/2021
Squaw, CA,Snow Density,30.7,pct,02/02/2021
Squaw, CA,Snow Density,25.8,pct,02/03/2021
Squaw, CA,Snow Density,30.2,pct,02/04/2021
Squaw, CA,Snow Density,30.2,pct,02/05/2021
Squaw, CA,Snow Density,30.7,pct,02/06/2021
Squaw, CA,Snow Density,31.3,pct,02/07/2021
Squaw, CA,Snow Density,31.3,pct,02/08/2021
Squaw, CA,Snow Density,32.7,pct,02/09/2021
Squaw, CA,Snow Density,33.3,pct,02/10/2021
Squaw, CA,Snow Density,34.2,pct,02/11/2021
Squaw, CA,Snow Density,30.5,pct,02/12/2021
Squaw, CA,Snow Density,32.9,pct,02/13/2021
Squaw, CA,Snow Density,32.2,pct,02/14/2021
Squaw, CA,Snow Density,33.4,pct,02/15/2021
Squaw, CA,Snow Density,34.7,pct,02/16/2021
Squaw, CA,Snow Density,34.1,pct,02/17/2021
Squaw, CA,Snow Density,34.1,pct,02/18/2021
Squaw, CA,Snow Density,34.7,pct,02/19/2021
Squaw, CA,Snow Density,35.4,pct,02/20/2021
Squaw, CA,Snow Density,34.8,pct,02/21/2021
Squaw, CA,Snow Density,35.4,pct,02/22/2021
Squaw, CA,Snow Density,36.0,pct,02/23/2021
Squaw, CA,Snow Density,36.5,pct,02/24/2021
Squaw, CA,Snow Density,36.3,pct,02/25/2021
Squaw, CA,Snow Density,37.0,pct,02/26/2021
Squaw, CA,Snow Density,37.0,pct,02/27/2021
Squaw, CA,Snow Density,37.0,pct,02/28/2021
Squaw, CA,Snow Density,37.6,pct,03/01/2021
Squaw, CA,Snow Density,37.6,pct,03/02/2021
Squaw, CA,Snow Density,37.6,pct,03/03/2021
Squaw, CA,Snow Density,38.3,pct,03/04/2021
Squaw, CA,Snow Density,39.1,pct,03/05/2021
Squaw, CA,Snow Density,39.8,pct,03/06/2021
Squaw, CA,Snow Density,39.4,pct,03/07/2021
Squaw, CA,Snow Density,40.2,pct,03/08/2021
Squaw, CA,Snow Density,40.2,pct,03/09/2021
Squaw, CA,Snow Density,36.1,pct,03/10/2021
Squaw, CA,Snow Density,33.5,pct,03/11/2021
Squaw, CA,Snow Density,34.3,pct,03/12/2021
Squaw, CA,Snow Density,35.4,pct,03/13/2021
Squaw, CA,Snow Density,36.6,pct,03/14/2021
Squaw, CA,Snow Density,36.9,pct,03/15/2021
Squaw, CA,Snow Density,36.0,pct,03/16/2021
Squaw, CA,Snow Density,37.2,pct,03/17/2021
Squaw, CA,Snow Density,38.2,pct,03/18/2021
Squaw, CA,Snow Density,37.4,pct,03/19/2021
Squaw, CA,Snow Density,35.9,pct,03/20/2021
Squaw, CA,Snow Density,36.4,pct,03/21/2021
Squaw, CA,Snow Density,36.7,pct,03/22/2021
Squaw, CA,Snow Density,36.9,pct,03/23/2021
Squaw, CA,Snow Density,37.4,pct,03/24/2021
Squaw, CA,Snow Density,38.2,pct,03/25/2021
Squaw, CA,Snow Density,38.8,pct,03/26/2021
Squaw, CA,Snow Density,39.4,pct,03/27/2021
Squaw, CA,Snow Density,39.8,pct,03/28/2021
Squaw, CA,Snow Density,41.7,pct,03/29/2021
Squaw, CA,Snow Density,42.2,pct,03/30/2021
Squaw, CA,Snow Density,42.8,pct,03/31/2021
Squaw, CA,Snow Density,43.2,pct,04/01/2021
Squaw, CA,Snow Rain Ratio,100.0,unitless,01/01/2021
Squaw, CA,Snow Rain Ratio,100.0,unitless,01/02/2021
Squaw, CA,Snow Rain Ratio,100.0,unitless,01/03/2021
Squaw, CA,Snow Rain Ratio,7.0,unitless,01/04/2021
Squaw, CA,Snow Rain Ratio,None,unitless,01/05/2021
Squaw, CA,Snow Rain Ratio,0.0,unitless,01/06/2021
Squaw, CA,Snow Rain Ratio,None,unitless,01/07/2021
Squaw, CA,Snow Rain Ratio,None,unitless,01/08/2021
Squaw, CA,Snow Rain Ratio,None,unitless,01/09/2021
Squaw, CA,Snow Rain Ratio,None,unitless,01/10/2021
Squaw, CA,Snow Rain Ratio,0.0,unitless,01/11/2021
Squaw, CA,Snow Rain Ratio,None,unitless,01/12/2021
Squaw, CA,Snow Rain Ratio,None,unitless,01/13/2021
Squaw, CA,Snow Rain Ratio,None,unitless,01/14/2021
Squaw, CA,Snow Rain Ratio,None,unitless,01/15/2021
Squaw, CA,Snow Rain Ratio,None,unitless,01/16/2021
Squaw, CA,Snow Rain Ratio,None,unitless,01/17/2021
Squaw, CA,Snow Rain Ratio,None,unitless,01/18/2021
Squaw, CA,Snow Rain Ratio,None,unitless,01/19/2021
Squaw, CA,Snow Rain Ratio,None,unitless,01/20/2021
Squaw, CA,Snow Rain Ratio,None,unitless,01/21/2021
Squaw, CA,Snow Rain Ratio,100.0,unitless,01/22/2021
Squaw, CA,Snow Rain Ratio,None,unitless,01/23/2021
Squaw, CA,Snow Rain Ratio,125.0,unitless,01/24/2021
Squaw, CA,Snow Rain Ratio,None,unitless,01/25/2021
Squaw, CA,Snow Rain Ratio,100.0,unitless,01/26/2021
Squaw, CA,Snow Rain Ratio,119.0,unitless,01/27/2021
Squaw, CA,Snow Rain Ratio,104.0,unitless,01/28/2021
Squaw, CA,Snow Rain Ratio,140.0,unitless,01/29/2021
Squaw, CA,Snow Rain Ratio,None,unitless,01/30/2021
Squaw, CA,Snow Rain Ratio,None,unitless,01/31/2021
Squaw, CA,Snow Rain Ratio,None,unitless,02/01/2021
Squaw, CA,Snow Rain Ratio,100.0,unitless,02/02/2021
Squaw, CA,Snow Rain Ratio,100.0,unitless,02/03/2021
Squaw, CA,Snow Rain Ratio,None,unitless,02/04/2021
Squaw, CA,Snow Rain Ratio,None,unitless,02/05/2021
Squaw, CA,Snow Rain Ratio,None,unitless,02/06/2021
Squaw, CA,Snow Rain Ratio,None,unitless,02/07/2021
Squaw, CA,Snow Rain Ratio,100.0,unitless,02/08/2021
Squaw, CA,Snow Rain Ratio,None,unitless,02/09/2021
Squaw, CA,Snow Rain Ratio,None,unitless,02/10/2021
Squaw, CA,Snow Rain Ratio,138.0,unitless,02/11/2021
Squaw, CA,Snow Rain Ratio,100.0,unitless,02/12/2021
Squaw, CA,Snow Rain Ratio,115.0,unitless,02/13/2021
Squaw, CA,Snow Rain Ratio,100.0,unitless,02/14/2021
Squaw, CA,Snow Rain Ratio,50.0,unitless,02/15/2021
Squaw, CA,Snow Rain Ratio,None,unitless,02/16/2021
Squaw, CA,Snow Rain Ratio,None,unitless,02/17/2021
Squaw, CA,Snow Rain Ratio,None,unitless,02/18/2021
Squaw, CA,Snow Rain Ratio,50.0,unitless,02/19/2021
Squaw, CA,Snow Rain Ratio,None,unitless,02/20/2021
Squaw, CA,Snow Rain Ratio,None,unitless,02/21/2021
Squaw, CA,Snow Rain Ratio,None,unitless,02/22/2021
Squaw, CA,Snow Rain Ratio,None,unitless,02/23/2021
Squaw, CA,Snow Rain Ratio,None,unitless,02/24/2021
Squaw, CA,Snow Rain Ratio,None,unitless,02/25/2021
Squaw, CA,Snow Rain Ratio,None,unitless,02/26/2021
Squaw, CA,Snow Rain Ratio,None,unitless,02/27/2021
Squaw, CA,Snow Rain Ratio,None,unitless,02/28/2021
Squaw, CA,Snow Rain Ratio,None,unitless,03/01/2021
Squaw, CA,Snow Rain Ratio,None,unitless,03/02/2021
Squaw, CA,Snow Rain Ratio,None,unitless,03/03/2021
Squaw, CA,Snow Rain Ratio,None,unitless,03/04/2021
Squaw, CA,Snow Rain Ratio,None,unitless,03/05/2021
Squaw, CA,Snow Rain Ratio,67.0,unitless,03/06/2021
Squaw, CA,Snow Rain Ratio,None,unitless,03/07/2021
Squaw, CA,Snow Rain Ratio,None,unitless,03/08/2021
Squaw, CA,Snow Rain Ratio,80.0,unitless,03/09/2021
Squaw, CA,Snow Rain Ratio,100.0,unitless,03/10/2021
Squaw, CA,Snow Rain Ratio,100.0,unitless,03/11/2021
Squaw, CA,Snow Rain Ratio,None,unitless,03/12/2021
Squaw, CA,Snow Rain Ratio,None,unitless,03/13/2021
Squaw, CA,Snow Rain Ratio,100.0,unitless,03/14/2021
Squaw, CA,Snow Rain Ratio,100.0,unitless,03/15/2021
Squaw, CA,Snow Rain Ratio,None,unitless,03/16/2021
Squaw, CA,Snow Rain Ratio,100.0,unitless,03/17/2021
Squaw, CA,Snow Rain Ratio,100.0,unitless,03/18/2021
Squaw, CA,Snow Rain Ratio,171.0,unitless,03/19/2021
Squaw, CA,Snow Rain Ratio,None,unitless,03/20/2021
Squaw, CA,Snow Rain Ratio,100.0,unitless,03/21/2021
Squaw, CA,Snow Rain Ratio,50.0,unitless,03/22/2021
Squaw, CA,Snow Rain Ratio,None,unitless,03/23/2021
Squaw, CA,Snow Rain Ratio,50.0,unitless,03/24/2021
Squaw, CA,SNOW DEPTH,37.0,in,01/01/2021
Squaw, CA,SNOW DEPTH,36.0,in,01/02/2021
Squaw, CA,SNOW DEPTH,34.0,in,01/03/2021
Squaw, CA,SNOW DEPTH,34.0,in,01/04/2021
Squaw, CA,SNOW DEPTH,33.0,in,01/05/2021
Squaw, CA,SNOW DEPTH,33.0,in,01/06/2021
Squaw, CA,SNOW DEPTH,32.0,in,01/07/2021
Squaw, CA,SNOW DEPTH,33.0,in,01/08/2021
Squaw, CA,SNOW DEPTH,33.0,in,01/09/2021
Squaw, CA,SNOW DEPTH,32.0,in,01/10/2021
Squaw, CA,SNOW DEPTH,33.0,in,01/11/2021
Squaw, CA,SNOW DEPTH,32.0,in,01/12/2021
Squaw, CA,SNOW DEPTH,31.0,in,01/13/2021
Squaw, CA,SNOW DEPTH,31.0,in,01/14/2021
Squaw, CA,SNOW DEPTH,30.0,in,01/15/2021
Squaw, CA,SNOW DEPTH,30.0,in,01/16/2021
Squaw, CA,SNOW DEPTH,30.0,in,01/17/2021
Squaw, CA,SNOW DEPTH,29.0,in,01/18/2021
Squaw, CA,SNOW DEPTH,28.0,in,01/19/2021
Squaw, CA,SNOW DEPTH,29.0,in,01/20/2021
Squaw, CA,SNOW DEPTH,29.0,in,01/21/2021
Squaw, CA,SNOW DEPTH,29.0,in,01/22/2021
Squaw, CA,SNOW DEPTH,26.0,in,01/23/2021
Squaw, CA,SNOW DEPTH,31.0,in,01/24/2021
Squaw, CA,SNOW DEPTH,37.0,in,01/25/2021
Squaw, CA,SNOW DEPTH,37.0,in,01/26/2021
Squaw, CA,SNOW DEPTH,42.0,in,01/27/2021
Squaw, CA,SNOW DEPTH,68.0,in,01/28/2021
Squaw, CA,SNOW DEPTH,62.0,in,01/29/2021
Squaw, CA,SNOW DEPTH,61.0,in,01/30/2021
Squaw, CA,SNOW DEPTH,60.0,in,01/31/2021
Squaw, CA,SNOW DEPTH,56.0,in,02/01/2021
Squaw, CA,SNOW DEPTH,54.0,in,02/02/2021
Squaw, CA,SNOW DEPTH,65.0,in,02/03/2021
Squaw, CA,SNOW DEPTH,56.0,in,02/04/2021
Squaw, CA,SNOW DEPTH,56.0,in,02/05/2021
Squaw, CA,SNOW DEPTH,55.0,in,02/06/2021
Squaw, CA,SNOW DEPTH,54.0,in,02/07/2021
Squaw, CA,SNOW DEPTH,54.0,in,02/08/2021
Squaw, CA,SNOW DEPTH,52.0,in,02/09/2021
Squaw, CA,SNOW DEPTH,51.0,in,02/10/2021
Squaw, CA,SNOW DEPTH,50.0,in,02/11/2021
Squaw, CA,SNOW DEPTH,62.0,in,02/12/2021
Squaw, CA,SNOW DEPTH,58.0,in,02/13/2021
Squaw, CA,SNOW DEPTH,64.0,in,02/14/2021
Squaw, CA,SNOW DEPTH,62.0,in,02/15/2021
Squaw, CA,SNOW DEPTH,60.0,in,02/16/2021
Squaw, CA,SNOW DEPTH,61.0,in,02/17/2021
Squaw, CA,SNOW DEPTH,61.0,in,02/18/2021
Squaw, CA,SNOW DEPTH,60.0,in,02/19/2021
Squaw, CA,SNOW DEPTH,59.0,in,02/20/2021
Squaw, CA,SNOW DEPTH,60.0,in,02/21/2021
Squaw, CA,SNOW DEPTH,59.0,in,02/22/2021
Squaw, CA,SNOW DEPTH,58.0,in,02/23/2021
Squaw, CA,SNOW DEPTH,57.0,in,02/24/2021
Squaw, CA,SNOW DEPTH,57.0,in,02/25/2021
Squaw, CA,SNOW DEPTH,56.0,in,02/26/2021
Squaw, CA,SNOW DEPTH,56.0,in,02/27/2021
Squaw, CA,SNOW DEPTH,56.0,in,02/28/2021
Squaw, CA,SNOW DEPTH,55.0,in,03/01/2021
Squaw, CA,SNOW DEPTH,55.0,in,03/02/2021
Squaw, CA,SNOW DEPTH,55.0,in,03/03/2021
Squaw, CA,SNOW DEPTH,54.0,in,03/04/2021
Squaw, CA,SNOW DEPTH,53.0,in,03/05/2021
Squaw, CA,SNOW DEPTH,52.0,in,03/06/2021
Squaw, CA,SNOW DEPTH,53.0,in,03/07/2021
Squaw, CA,SNOW DEPTH,52.0,in,03/08/2021
Squaw, CA,SNOW DEPTH,52.0,in,03/09/2021
Squaw, CA,SNOW DEPTH,59.0,in,03/10/2021
Squaw, CA,SNOW DEPTH,65.0,in,03/11/2021
Squaw, CA,SNOW DEPTH,65.0,in,03/12/2021
Squaw, CA,SNOW DEPTH,63.0,in,03/13/2021
Squaw, CA,SNOW DEPTH,61.0,in,03/14/2021
Squaw, CA,SNOW DEPTH,61.0,in,03/15/2021
Squaw, CA,SNOW DEPTH,63.0,in,03/16/2021
Squaw, CA,SNOW DEPTH,61.0,in,03/17/2021
Squaw, CA,SNOW DEPTH,60.0,in,03/18/2021
Squaw, CA,SNOW DEPTH,62.0,in,03/19/2021
Squaw, CA,SNOW DEPTH,68.0,in,03/20/2021
Squaw, CA,SNOW DEPTH,67.0,in,03/21/2021
Squaw, CA,SNOW DEPTH,67.0,in,03/22/2021
Squaw, CA,SNOW DEPTH,67.0,in,03/23/2021
Squaw, CA,SNOW DEPTH,66.0,in,03/24/2021
Squaw, CA,SNOW DEPTH,65.0,in,03/25/2021
Squaw, CA,SNOW DEPTH,64.0,in,03/26/2021
Squaw, CA,SNOW DEPTH,63.0,in,03/27/2021
Squaw, CA,SNOW DEPTH,62.0,in,03/28/2021
Squaw, CA,SNOW DEPTH,59.0,in,03/29/2021
Squaw, CA,SNOW DEPTH,58.0,in,03/30/2021
Squaw, CA,SNOW DEPTH,57.0,in,03/31/2021
Squaw, CA,SNOW DEPTH,56.0,in,04/01/2021
Squaw, CA,AIR TEMPERATURE AVERAGE,33.08,degF,01/01/2021
Squaw, CA,AIR TEMPERATURE AVERAGE,30.74,degF,01/02/2021
Squaw, CA,AIR TEMPERATURE AVERAGE,31.28,degF,01/03/2021
Squaw, CA,AIR TEMPERATURE AVERAGE,30.2,degF,01/04/2021
Squaw, CA,AIR TEMPERATURE AVERAGE,32.36,degF,01/05/2021
Squaw, CA,AIR TEMPERATURE AVERAGE,34.52,degF,01/06/2021
Squaw, CA,AIR TEMPERATURE AVERAGE,34.88,degF,01/07/2021
Squaw, CA,AIR TEMPERATURE AVERAGE,30.74,degF,01/08/2021
Squaw, CA,AIR TEMPERATURE AVERAGE,33.98,degF,01/09/2021
Squaw, CA,AIR TEMPERATURE AVERAGE,35.24,degF,01/10/2021
Squaw, CA,AIR TEMPERATURE AVERAGE,41.0,degF,01/11/2021
Squaw, CA,AIR TEMPERATURE AVERAGE,37.04,degF,01/12/2021
Squaw, CA,AIR TEMPERATURE AVERAGE,38.84,degF,01/13/2021
Squaw, CA,AIR TEMPERATURE AVERAGE,44.78,degF,01/14/2021
Squaw, CA,AIR TEMPERATURE AVERAGE,48.2,degF,01/15/2021
Squaw, CA,AIR TEMPERATURE AVERAGE,41.18,degF,01/16/2021
Squaw, CA,AIR TEMPERATURE AVERAGE,40.82,degF,01/17/2021
Squaw, CA,AIR TEMPERATURE AVERAGE,31.82,degF,01/18/2021
Squaw, CA,AIR TEMPERATURE AVERAGE,22.1,degF,01/19/2021
Squaw, CA,AIR TEMPERATURE AVERAGE,32.9,degF,01/20/2021
Squaw, CA,AIR TEMPERATURE AVERAGE,34.34,degF,01/21/2021
Squaw, CA,AIR TEMPERATURE AVERAGE,24.26,degF,01/22/2021
Squaw, CA,AIR TEMPERATURE AVERAGE,22.1,degF,01/23/2021
Squaw, CA,AIR TEMPERATURE AVERAGE,21.56,degF,01/24/2021
Squaw, CA,AIR TEMPERATURE AVERAGE,17.24,degF,01/25/2021
Squaw, CA,AIR TEMPERATURE AVERAGE,15.98,degF,01/26/2021
Squaw, CA,AIR TEMPERATURE AVERAGE,24.8,degF,01/27/2021
Squaw, CA,AIR TEMPERATURE AVERAGE,25.52,degF,01/28/2021
Squaw, CA,AIR TEMPERATURE AVERAGE,22.46,degF,01/29/2021
Squaw, CA,AIR TEMPERATURE AVERAGE,27.68,degF,01/30/2021
Squaw, CA,AIR TEMPERATURE AVERAGE,33.26,degF,01/31/2021
Squaw, CA,AIR TEMPERATURE AVERAGE,34.7,degF,02/01/2021
Squaw, CA,AIR TEMPERATURE AVERAGE,29.3,degF,02/02/2021
Squaw, CA,AIR TEMPERATURE AVERAGE,21.56,degF,02/03/2021
Squaw, CA,AIR TEMPERATURE AVERAGE,27.32,degF,02/04/2021
Squaw, CA,AIR TEMPERATURE AVERAGE,37.94,degF,02/05/2021
Squaw, CA,AIR TEMPERATURE AVERAGE,41.72,degF,02/06/2021
Squaw, CA,AIR TEMPERATURE AVERAGE,39.74,degF,02/07/2021
Squaw, CA,AIR TEMPERATURE AVERAGE,37.4,degF,02/08/2021
Squaw, CA,AIR TEMPERATURE AVERAGE,31.46,degF,02/09/2021
Squaw, CA,AIR TEMPERATURE AVERAGE,33.98,degF,02/10/2021
Squaw, CA,AIR TEMPERATURE AVERAGE,32.36,degF,02/11/2021
Squaw, CA,AIR TEMPERATURE AVERAGE,29.84,degF,02/12/2021
Squaw, CA,AIR TEMPERATURE AVERAGE,26.06,degF,02/13/2021
Squaw, CA,AIR TEMPERATURE AVERAGE,25.52,degF,02/14/2021
Squaw, CA,AIR TEMPERATURE AVERAGE,30.92,degF,02/15/2021
Squaw, CA,AIR TEMPERATURE AVERAGE,25.16,degF,02/16/2021
Squaw, CA,AIR TEMPERATURE AVERAGE,20.84,degF,02/17/2021
Squaw, CA,AIR TEMPERATURE AVERAGE,31.1,degF,02/18/2021
Squaw, CA,AIR TEMPERATURE AVERAGE,29.84,degF,02/19/2021
Squaw, CA,AIR TEMPERATURE AVERAGE,22.64,degF,02/20/2021
Squaw, CA,AIR TEMPERATURE AVERAGE,27.86,degF,02/21/2021
Squaw, CA,AIR TEMPERATURE AVERAGE,38.3,degF,02/22/2021
Squaw, CA,AIR TEMPERATURE AVERAGE,35.78,degF,02/23/2021
Squaw, CA,AIR TEMPERATURE AVERAGE,27.68,degF,02/24/2021
Squaw, CA,AIR TEMPERATURE AVERAGE,32.54,degF,02/25/2021
Squaw, CA,AIR TEMPERATURE AVERAGE,30.2,degF,02/26/2021
Squaw, CA,AIR TEMPERATURE AVERAGE,23.18,degF,02/27/2021
Squaw, CA,AIR TEMPERATURE AVERAGE,29.66,degF,02/28/2021
Squaw, CA,AIR TEMPERATURE AVERAGE,34.7,degF,03/01/2021
Squaw, CA,AIR TEMPERATURE AVERAGE,36.5,degF,03/02/2021
Squaw, CA,AIR TEMPERATURE AVERAGE,34.7,degF,03/03/2021
Squaw, CA,AIR TEMPERATURE AVERAGE,34.34,degF,03/04/2021
Squaw, CA,AIR TEMPERATURE AVERAGE,37.04,degF,03/05/2021
Squaw, CA,AIR TEMPERATURE AVERAGE,28.4,degF,03/06/2021
Squaw, CA,AIR TEMPERATURE AVERAGE,33.44,degF,03/07/2021
Squaw, CA,AIR TEMPERATURE AVERAGE,22.82,degF,03/08/2021
Squaw, CA,AIR TEMPERATURE AVERAGE,21.02,degF,03/09/2021
Squaw, CA,AIR TEMPERATURE AVERAGE,19.58,degF,03/10/2021
Squaw, CA,AIR TEMPERATURE AVERAGE,21.02,degF,03/11/2021
Squaw, CA,AIR TEMPERATURE AVERAGE,26.24,degF,03/12/2021
Squaw, CA,AIR TEMPERATURE AVERAGE,33.44,degF,03/13/2021
Squaw, CA,AIR TEMPERATURE AVERAGE,32.36,degF,03/14/2021
Squaw, CA,AIR TEMPERATURE AVERAGE,19.4,degF,03/15/2021
Squaw, CA,AIR TEMPERATURE AVERAGE,28.04,degF,03/16/2021
Squaw, CA,AIR TEMPERATURE AVERAGE,33.98,degF,03/17/2021
Squaw, CA,AIR TEMPERATURE AVERAGE,32.36,degF,03/18/2021
Squaw, CA,AIR TEMPERATURE AVERAGE,29.3,degF,03/19/2021
Squaw, CA,AIR TEMPERATURE AVERAGE,22.46,degF,03/20/2021
Squaw, CA,AIR TEMPERATURE AVERAGE,27.86,degF,03/21/2021
Squaw, CA,AIR TEMPERATURE AVERAGE,28.76,degF,03/22/2021
Squaw, CA,AIR TEMPERATURE AVERAGE,22.1,degF,03/23/2021
Squaw, CA,AIR TEMPERATURE AVERAGE,29.66,degF,03/24/2021
Squaw, CA,AIR TEMPERATURE AVERAGE,27.5,degF,03/25/2021
Squaw, CA,AIR TEMPERATURE AVERAGE,30.2,degF,03/26/2021
Squaw, CA,AIR TEMPERATURE AVERAGE,41.54,degF,03/27/2021
Squaw, CA,AIR TEMPERATURE AVERAGE,42.8,degF,03/28/2021
Squaw, CA,AIR TEMPERATURE AVERAGE,38.66,degF,03/29/2021
Squaw, CA,AIR TEMPERATURE AVERAGE,32.54,degF,03/30/2021
Squaw, CA,AIR TEMPERATURE AVERAGE,41.9,degF,03/31/2021
Squaw, CA,AIR TEMPERATURE AVERAGE,44.42,degF,04/01/2021
Squaw, CA,AIR TEMPERATURE MAXIMUM,47.66,degF,01/01/2021
Squaw, CA,AIR TEMPERATURE MAXIMUM,33.44,degF,01/02/2021
Squaw, CA,AIR TEMPERATURE MAXIMUM,35.06,degF,01/03/2021
Squaw, CA,AIR TEMPERATURE MAXIMUM,34.34,degF,01/04/2021
Squaw, CA,AIR TEMPERATURE MAXIMUM,38.84,degF,01/05/2021
Squaw, CA,AIR TEMPERATURE MAXIMUM,39.56,degF,01/06/2021
Squaw, CA,AIR TEMPERATURE MAXIMUM,46.76,degF,01/07/2021
Squaw, CA,AIR TEMPERATURE MAXIMUM,37.76,degF,01/08/2021
Squaw, CA,AIR TEMPERATURE MAXIMUM,43.88,degF,01/09/2021
Squaw, CA,AIR TEMPERATURE MAXIMUM,41.18,degF,01/10/2021
Squaw, CA,AIR TEMPERATURE MAXIMUM,50.18,degF,01/11/2021
Squaw, CA,AIR TEMPERATURE MAXIMUM,40.64,degF,01/12/2021
Squaw, CA,AIR TEMPERATURE MAXIMUM,44.6,degF,01/13/2021
Squaw, CA,AIR TEMPERATURE MAXIMUM,53.78,degF,01/14/2021
Squaw, CA,AIR TEMPERATURE MAXIMUM,55.4,degF,01/15/2021
Squaw, CA,AIR TEMPERATURE MAXIMUM,51.26,degF,01/16/2021
Squaw, CA,AIR TEMPERATURE MAXIMUM,54.14,degF,01/17/2021
Squaw, CA,AIR TEMPERATURE MAXIMUM,40.82,degF,01/18/2021
Squaw, CA,AIR TEMPERATURE MAXIMUM,26.96,degF,01/19/2021
Squaw, CA,AIR TEMPERATURE MAXIMUM,43.16,degF,01/20/2021
Squaw, CA,AIR TEMPERATURE MAXIMUM,39.74,degF,01/21/2021
Squaw, CA,AIR TEMPERATURE MAXIMUM,29.84,degF,01/22/2021
Squaw, CA,AIR TEMPERATURE MAXIMUM,26.42,degF,01/23/2021
Squaw, CA,AIR TEMPERATURE MAXIMUM,24.62,degF,01/24/2021
Squaw, CA,AIR TEMPERATURE MAXIMUM,22.64,degF,01/25/2021
Squaw, CA,AIR TEMPERATURE MAXIMUM,25.52,degF,01/26/2021
Squaw, CA,AIR TEMPERATURE MAXIMUM,28.04,degF,01/27/2021
Squaw, CA,AIR TEMPERATURE MAXIMUM,27.5,degF,01/28/2021
Squaw, CA,AIR TEMPERATURE MAXIMUM,27.14,degF,01/29/2021
Squaw, CA,AIR TEMPERATURE MAXIMUM,38.84,degF,01/30/2021
Squaw, CA,AIR TEMPERATURE MAXIMUM,39.56,degF,01/31/2021
Squaw, CA,AIR TEMPERATURE MAXIMUM,38.84,degF,02/01/2021
Squaw, CA,AIR TEMPERATURE MAXIMUM,32.54,degF,02/02/2021
Squaw, CA,AIR TEMPERATURE MAXIMUM,26.6,degF,02/03/2021
Squaw, CA,AIR TEMPERATURE MAXIMUM,40.1,degF,02/04/2021
Squaw, CA,AIR TEMPERATURE MAXIMUM,49.46,degF,02/05/2021
Squaw, CA,AIR TEMPERATURE MAXIMUM,53.42,degF,02/06/2021
Squaw, CA,AIR TEMPERATURE MAXIMUM,51.98,degF,02/07/2021
Squaw, CA,AIR TEMPERATURE MAXIMUM,43.16,degF,02/08/2021
Squaw, CA,AIR TEMPERATURE MAXIMUM,32.72,degF,02/09/2021
Squaw, CA,AIR TEMPERATURE MAXIMUM,39.56,degF,02/10/2021
Squaw, CA,AIR TEMPERATURE MAXIMUM,37.4,degF,02/11/2021
Squaw, CA,AIR TEMPERATURE MAXIMUM,36.86,degF,02/12/2021
Squaw, CA,AIR TEMPERATURE MAXIMUM,28.94,degF,02/13/2021
Squaw, CA,AIR TEMPERATURE MAXIMUM,29.66,degF,02/14/2021
Squaw, CA,AIR TEMPERATURE MAXIMUM,34.52,degF,02/15/2021
Squaw, CA,AIR TEMPERATURE MAXIMUM,32.72,degF,02/16/2021
Squaw, CA,AIR TEMPERATURE MAXIMUM,27.68,degF,02/17/2021
Squaw, CA,AIR TEMPERATURE MAXIMUM,39.2,degF,02/18/2021
Squaw, CA,AIR TEMPERATURE MAXIMUM,34.34,degF,02/19/2021
Squaw, CA,AIR TEMPERATURE MAXIMUM,30.92,degF,02/20/2021
Squaw, CA,AIR TEMPERATURE MAXIMUM,39.02,degF,02/21/2021
Squaw, CA,AIR TEMPERATURE MAXIMUM,54.32,degF,02/22/2021
Squaw, CA,AIR TEMPERATURE MAXIMUM,45.5,degF,02/23/2021
Squaw, CA,AIR TEMPERATURE MAXIMUM,38.3,degF,02/24/2021
Squaw, CA,AIR TEMPERATURE MAXIMUM,45.68,degF,02/25/2021
Squaw, CA,AIR TEMPERATURE MAXIMUM,35.06,degF,02/26/2021
Squaw, CA,AIR TEMPERATURE MAXIMUM,29.66,degF,02/27/2021
Squaw, CA,AIR TEMPERATURE MAXIMUM,42.26,degF,02/28/2021
Squaw, CA,AIR TEMPERATURE MAXIMUM,42.26,degF,03/01/2021
Squaw, CA,AIR TEMPERATURE MAXIMUM,47.48,degF,03/02/2021
Squaw, CA,AIR TEMPERATURE MAXIMUM,43.88,degF,03/03/2021
Squaw, CA,AIR TEMPERATURE MAXIMUM,42.26,degF,03/04/2021
Squaw, CA,AIR TEMPERATURE MAXIMUM,43.88,degF,03/05/2021
Squaw, CA,AIR TEMPERATURE MAXIMUM,33.44,degF,03/06/2021
Squaw, CA,AIR TEMPERATURE MAXIMUM,44.42,degF,03/07/2021
Squaw, CA,AIR TEMPERATURE MAXIMUM,28.4,degF,03/08/2021
Squaw, CA,AIR TEMPERATURE MAXIMUM,26.78,degF,03/09/2021
Squaw, CA,AIR TEMPERATURE MAXIMUM,25.16,degF,03/10/2021
Squaw, CA,AIR TEMPERATURE MAXIMUM,30.02,degF,03/11/2021
Squaw, CA,AIR TEMPERATURE MAXIMUM,35.6,degF,03/12/2021
Squaw, CA,AIR TEMPERATURE MAXIMUM,44.42,degF,03/13/2021
Squaw, CA,AIR TEMPERATURE MAXIMUM,42.26,degF,03/14/2021
Squaw, CA,AIR TEMPERATURE MAXIMUM,27.68,degF,03/15/2021
Squaw, CA,AIR TEMPERATURE MAXIMUM,34.7,degF,03/16/2021
Squaw, CA,AIR TEMPERATURE MAXIMUM,41.54,degF,03/17/2021
Squaw, CA,AIR TEMPERATURE MAXIMUM,36.68,degF,03/18/2021
Squaw, CA,AIR TEMPERATURE MAXIMUM,32.54,degF,03/19/2021
Squaw, CA,AIR TEMPERATURE MAXIMUM,29.12,degF,03/20/2021
Squaw, CA,AIR TEMPERATURE MAXIMUM,39.2,degF,03/21/2021
Squaw, CA,AIR TEMPERATURE MAXIMUM,31.64,degF,03/22/2021
Squaw, CA,AIR TEMPERATURE MAXIMUM,26.24,degF,03/23/2021
Squaw, CA,AIR TEMPERATURE MAXIMUM,44.06,degF,03/24/2021
Squaw, CA,AIR TEMPERATURE MAXIMUM,33.26,degF,03/25/2021
Squaw, CA,AIR TEMPERATURE MAXIMUM,42.62,degF,03/26/2021
Squaw, CA,AIR TEMPERATURE MAXIMUM,55.22,degF,03/27/2021
Squaw, CA,AIR TEMPERATURE MAXIMUM,50.0,degF,03/28/2021
Squaw, CA,AIR TEMPERATURE MAXIMUM,44.96,degF,03/29/2021
Squaw, CA,AIR TEMPERATURE MAXIMUM,41.54,degF,03/30/2021
Squaw, CA,AIR TEMPERATURE MAXIMUM,58.46,degF,03/31/2021
Squaw, CA,AIR TEMPERATURE MAXIMUM,50.18,degF,04/01/2021
Squaw, CA,AIR TEMPERATURE MINIMUM,22.82,degF,01/01/2021
Squaw, CA,AIR TEMPERATURE MINIMUM,26.78,degF,01/02/2021
Squaw, CA,AIR TEMPERATURE MINIMUM,28.04,degF,01/03/2021
Squaw, CA,AIR TEMPERATURE MINIMUM,24.44,degF,01/04/2021
Squaw, CA,AIR TEMPERATURE MINIMUM,24.62,degF,01/05/2021
Squaw, CA,AIR TEMPERATURE MINIMUM,29.84,degF,01/06/2021
Squaw, CA,AIR TEMPERATURE MINIMUM,27.86,degF,01/07/2021
Squaw, CA,AIR TEMPERATURE MINIMUM,21.02,degF,01/08/2021
Squaw, CA,AIR TEMPERATURE MINIMUM,22.28,degF,01/09/2021
Squaw, CA,AIR TEMPERATURE MINIMUM,30.38,degF,01/10/2021
Squaw, CA,AIR TEMPERATURE MINIMUM,34.52,degF,01/11/2021
Squaw, CA,AIR TEMPERATURE MINIMUM,31.64,degF,01/12/2021
Squaw, CA,AIR TEMPERATURE MINIMUM,36.5,degF,01/13/2021
Squaw, CA,AIR TEMPERATURE MINIMUM,36.86,degF,01/14/2021
Squaw, CA,AIR TEMPERATURE MINIMUM,39.02,degF,01/15/2021
Squaw, CA,AIR TEMPERATURE MINIMUM,36.14,degF,01/16/2021
Squaw, CA,AIR TEMPERATURE MINIMUM,32.36,degF,01/17/2021
Squaw, CA,AIR TEMPERATURE MINIMUM,20.3,degF,01/18/2021
Squaw, CA,AIR TEMPERATURE MINIMUM,17.24,degF,01/19/2021
Squaw, CA,AIR TEMPERATURE MINIMUM,22.82,degF,01/20/2021
Squaw, CA,AIR TEMPERATURE MINIMUM,29.3,degF,01/21/2021
Squaw, CA,AIR TEMPERATURE MINIMUM,20.66,degF,01/22/2021
Squaw, CA,AIR TEMPERATURE MINIMUM,19.4,degF,01/23/2021
Squaw, CA,AIR TEMPERATURE MINIMUM,19.22,degF,01/24/2021
Squaw, CA,AIR TEMPERATURE MINIMUM,12.56,degF,01/25/2021
Squaw, CA,AIR TEMPERATURE MINIMUM,7.7,degF,01/26/2021
Squaw, CA,AIR TEMPERATURE MINIMUM,22.1,degF,01/27/2021
Squaw, CA,AIR TEMPERATURE MINIMUM,22.64,degF,01/28/2021
Squaw, CA,AIR TEMPERATURE MINIMUM,17.78,degF,01/29/2021
Squaw, CA,AIR TEMPERATURE MINIMUM,18.86,degF,01/30/2021
Squaw, CA,AIR TEMPERATURE MINIMUM,26.78,degF,01/31/2021
Squaw, CA,AIR TEMPERATURE MINIMUM,31.1,degF,02/01/2021
Squaw, CA,AIR TEMPERATURE MINIMUM,25.52,degF,02/02/2021
Squaw, CA,AIR TEMPERATURE MINIMUM,19.04,degF,02/03/2021
Squaw, CA,AIR TEMPERATURE MINIMUM,17.42,degF,02/04/2021
Squaw, CA,AIR TEMPERATURE MINIMUM,29.66,degF,02/05/2021
Squaw, CA,AIR TEMPERATURE MINIMUM,31.46,degF,02/06/2021
Squaw, CA,AIR TEMPERATURE MINIMUM,34.16,degF,02/07/2021
Squaw, CA,AIR TEMPERATURE MINIMUM,32.54,degF,02/08/2021
Squaw, CA,AIR TEMPERATURE MINIMUM,28.94,degF,02/09/2021
Squaw, CA,AIR TEMPERATURE MINIMUM,30.56,degF,02/10/2021
Squaw, CA,AIR TEMPERATURE MINIMUM,28.76,degF,02/11/2021
Squaw, CA,AIR TEMPERATURE MINIMUM,23.9,degF,02/12/2021
Squaw, CA,AIR TEMPERATURE MINIMUM,21.56,degF,02/13/2021
Squaw, CA,AIR TEMPERATURE MINIMUM,19.4,degF,02/14/2021
Squaw, CA,AIR TEMPERATURE MINIMUM,26.06,degF,02/15/2021
Squaw, CA,AIR TEMPERATURE MINIMUM,18.14,degF,02/16/2021
Squaw, CA,AIR TEMPERATURE MINIMUM,14.54,degF,02/17/2021
Squaw, CA,AIR TEMPERATURE MINIMUM,19.4,degF,02/18/2021
Squaw, CA,AIR TEMPERATURE MINIMUM,23.9,degF,02/19/2021
Squaw, CA,AIR TEMPERATURE MINIMUM,17.96,degF,02/20/2021
Squaw, CA,AIR TEMPERATURE MINIMUM,18.5,degF,02/21/2021
Squaw, CA,AIR TEMPERATURE MINIMUM,28.04,degF,02/22/2021
Squaw, CA,AIR TEMPERATURE MINIMUM,27.86,degF,02/23/2021
Squaw, CA,AIR TEMPERATURE MINIMUM,16.52,degF,02/24/2021
Squaw, CA,AIR TEMPERATURE MINIMUM,15.98,degF,02/25/2021
Squaw, CA,AIR TEMPERATURE MINIMUM,23.0,degF,02/26/2021
Squaw, CA,AIR TEMPERATURE MINIMUM,18.86,degF,02/27/2021
Squaw, CA,AIR TEMPERATURE MINIMUM,19.76,degF,02/28/2021
Squaw, CA,AIR TEMPERATURE MINIMUM,31.28,degF,03/01/2021
Squaw, CA,AIR TEMPERATURE MINIMUM,30.2,degF,03/02/2021
Squaw, CA,AIR TEMPERATURE MINIMUM,29.12,degF,03/03/2021
Squaw, CA,AIR TEMPERATURE MINIMUM,26.96,degF,03/04/2021
Squaw, CA,AIR TEMPERATURE MINIMUM,30.02,degF,03/05/2021
Squaw, CA,AIR TEMPERATURE MINIMUM,21.74,degF,03/06/2021
Squaw, CA,AIR TEMPERATURE MINIMUM,27.5,degF,03/07/2021
Squaw, CA,AIR TEMPERATURE MINIMUM,19.22,degF,03/08/2021
Squaw, CA,AIR TEMPERATURE MINIMUM,18.5,degF,03/09/2021
Squaw, CA,AIR TEMPERATURE MINIMUM,15.44,degF,03/10/2021
Squaw, CA,AIR TEMPERATURE MINIMUM,12.56,degF,03/11/2021
Squaw, CA,AIR TEMPERATURE MINIMUM,19.58,degF,03/12/2021
Squaw, CA,AIR TEMPERATURE MINIMUM,23.36,degF,03/13/2021
Squaw, CA,AIR TEMPERATURE MINIMUM,24.8,degF,03/14/2021
Squaw, CA,AIR TEMPERATURE MINIMUM,14.18,degF,03/15/2021
Squaw, CA,AIR TEMPERATURE MINIMUM,21.56,degF,03/16/2021
Squaw, CA,AIR TEMPERATURE MINIMUM,29.12,degF,03/17/2021
Squaw, CA,AIR TEMPERATURE MINIMUM,29.48,degF,03/18/2021
Squaw, CA,AIR TEMPERATURE MINIMUM,24.44,degF,03/19/2021
Squaw, CA,AIR TEMPERATURE MINIMUM,19.04,degF,03/20/2021
Squaw, CA,AIR TEMPERATURE MINIMUM,15.62,degF,03/21/2021
Squaw, CA,AIR TEMPERATURE MINIMUM,25.34,degF,03/22/2021
Squaw, CA,AIR TEMPERATURE MINIMUM,17.42,degF,03/23/2021
Squaw, CA,AIR TEMPERATURE MINIMUM,21.56,degF,03/24/2021
Squaw, CA,AIR TEMPERATURE MINIMUM,22.64,degF,03/25/2021
Squaw, CA,AIR TEMPERATURE MINIMUM,20.66,degF,03/26/2021
Squaw, CA,AIR TEMPERATURE MINIMUM,30.2,degF,03/27/2021
Squaw, CA,AIR TEMPERATURE MINIMUM,39.02,degF,03/28/2021
Squaw, CA,AIR TEMPERATURE MINIMUM,29.3,degF,03/29/2021
Squaw, CA,AIR TEMPERATURE MINIMUM,23.0,degF,03/30/2021
Squaw, CA,AIR TEMPERATURE MINIMUM,28.76,degF,03/31/2021
Squaw, CA,AIR TEMPERATURE MINIMUM,39.92,degF,04/01/2021
Squaw, CA,AIR TEMPERATURE OBSERVED,24.98,degF,01/01/2021
Squaw, CA,AIR TEMPERATURE OBSERVED,27.86,degF,01/02/2021
Squaw, CA,AIR TEMPERATURE OBSERVED,29.48,degF,01/03/2021
Squaw, CA,AIR TEMPERATURE OBSERVED,34.16,degF,01/04/2021
Squaw, CA,AIR TEMPERATURE OBSERVED,25.88,degF,01/05/2021
Squaw, CA,AIR TEMPERATURE OBSERVED,32.54,degF,01/06/2021
Squaw, CA,AIR TEMPERATURE OBSERVED,32.72,degF,01/07/2021
Squaw, CA,AIR TEMPERATURE OBSERVED,35.6,degF,01/08/2021
Squaw, CA,AIR TEMPERATURE OBSERVED,29.66,degF,01/09/2021
Squaw, CA,AIR TEMPERATURE OBSERVED,39.38,degF,01/10/2021
Squaw, CA,AIR TEMPERATURE OBSERVED,34.52,degF,01/11/2021
Squaw, CA,AIR TEMPERATURE OBSERVED,37.22,degF,01/12/2021
Squaw, CA,AIR TEMPERATURE OBSERVED,39.74,degF,01/13/2021
Squaw, CA,AIR TEMPERATURE OBSERVED,40.1,degF,01/14/2021
Squaw, CA,AIR TEMPERATURE OBSERVED,46.22,degF,01/15/2021
Squaw, CA,AIR TEMPERATURE OBSERVED,41.72,degF,01/16/2021
Squaw, CA,AIR TEMPERATURE OBSERVED,36.5,degF,01/17/2021
Squaw, CA,AIR TEMPERATURE OBSERVED,32.36,degF,01/18/2021
Squaw, CA,AIR TEMPERATURE OBSERVED,20.3,degF,01/19/2021
Squaw, CA,AIR TEMPERATURE OBSERVED,24.98,degF,01/20/2021
Squaw, CA,AIR TEMPERATURE OBSERVED,33.8,degF,01/21/2021
Squaw, CA,AIR TEMPERATURE OBSERVED,29.66,degF,01/22/2021
Squaw, CA,AIR TEMPERATURE OBSERVED,20.84,degF,01/23/2021
Squaw, CA,AIR TEMPERATURE OBSERVED,21.2,degF,01/24/2021
Squaw, CA,AIR TEMPERATURE OBSERVED,20.3,degF,01/25/2021
Squaw, CA,AIR TEMPERATURE OBSERVED,12.56,degF,01/26/2021
Squaw, CA,AIR TEMPERATURE OBSERVED,24.98,degF,01/27/2021
Squaw, CA,AIR TEMPERATURE OBSERVED,26.78,degF,01/28/2021
Squaw, CA,AIR TEMPERATURE OBSERVED,23.9,degF,01/29/2021
Squaw, CA,AIR TEMPERATURE OBSERVED,18.86,degF,01/30/2021
Squaw, CA,AIR TEMPERATURE OBSERVED,31.1,degF,01/31/2021
Squaw, CA,AIR TEMPERATURE OBSERVED,35.42,degF,02/01/2021
Squaw, CA,AIR TEMPERATURE OBSERVED,32.0,degF,02/02/2021
Squaw, CA,AIR TEMPERATURE OBSERVED,26.24,degF,02/03/2021
Squaw, CA,AIR TEMPERATURE OBSERVED,20.48,degF,02/04/2021
Squaw, CA,AIR TEMPERATURE OBSERVED,29.84,degF,02/05/2021
Squaw, CA,AIR TEMPERATURE OBSERVED,36.5,degF,02/06/2021
Squaw, CA,AIR TEMPERATURE OBSERVED,40.46,degF,02/07/2021
Squaw, CA,AIR TEMPERATURE OBSERVED,38.48,degF,02/08/2021
Squaw, CA,AIR TEMPERATURE OBSERVED,32.36,degF,02/09/2021
Squaw, CA,AIR TEMPERATURE OBSERVED,32.18,degF,02/10/2021
Squaw, CA,AIR TEMPERATURE OBSERVED,33.44,degF,02/11/2021
Squaw, CA,AIR TEMPERATURE OBSERVED,29.12,degF,02/12/2021
Squaw, CA,AIR TEMPERATURE OBSERVED,28.4,degF,02/13/2021
Squaw, CA,AIR TEMPERATURE OBSERVED,21.74,degF,02/14/2021
Squaw, CA,AIR TEMPERATURE OBSERVED,29.66,degF,02/15/2021
Squaw, CA,AIR TEMPERATURE OBSERVED,26.06,degF,02/16/2021
Squaw, CA,AIR TEMPERATURE OBSERVED,20.84,degF,02/17/2021
Squaw, CA,AIR TEMPERATURE OBSERVED,20.12,degF,02/18/2021
Squaw, CA,AIR TEMPERATURE OBSERVED,24.98,degF,02/19/2021
Squaw, CA,AIR TEMPERATURE OBSERVED,23.9,degF,02/20/2021
Squaw, CA,AIR TEMPERATURE OBSERVED,20.3,degF,02/21/2021
Squaw, CA,AIR TEMPERATURE OBSERVED,28.76,degF,02/22/2021
Squaw, CA,AIR TEMPERATURE OBSERVED,36.68,degF,02/23/2021
Squaw, CA,AIR TEMPERATURE OBSERVED,28.04,degF,02/24/2021
Squaw, CA,AIR TEMPERATURE OBSERVED,16.88,degF,02/25/2021
Squaw, CA,AIR TEMPERATURE OBSERVED,33.08,degF,02/26/2021
Squaw, CA,AIR TEMPERATURE OBSERVED,23.9,degF,02/27/2021
Squaw, CA,AIR TEMPERATURE OBSERVED,20.66,degF,02/28/2021
Squaw, CA,AIR TEMPERATURE OBSERVED,32.54,degF,03/01/2021
Squaw, CA,AIR TEMPERATURE OBSERVED,34.7,degF,03/02/2021
Squaw, CA,AIR TEMPERATURE OBSERVED,33.44,degF,03/03/2021
Squaw, CA,AIR TEMPERATURE OBSERVED,29.84,degF,03/04/2021
Squaw, CA,AIR TEMPERATURE OBSERVED,35.06,degF,03/05/2021
Squaw, CA,AIR TEMPERATURE OBSERVED,30.92,degF,03/06/2021
Squaw, CA,AIR TEMPERATURE OBSERVED,29.66,degF,03/07/2021
Squaw, CA,AIR TEMPERATURE OBSERVED,28.4,degF,03/08/2021
Squaw, CA,AIR TEMPERATURE OBSERVED,20.66,degF,03/09/2021
Squaw, CA,AIR TEMPERATURE OBSERVED,20.66,degF,03/10/2021
Squaw, CA,AIR TEMPERATURE OBSERVED,16.52,degF,03/11/2021
Squaw, CA,AIR TEMPERATURE OBSERVED,22.64,degF,03/12/2021
Squaw, CA,AIR TEMPERATURE OBSERVED,25.88,degF,03/13/2021
Squaw, CA,AIR TEMPERATURE OBSERVED,33.62,degF,03/14/2021
Squaw, CA,AIR TEMPERATURE OBSERVED,27.32,degF,03/15/2021
Squaw, CA,AIR TEMPERATURE OBSERVED,22.82,degF,03/16/2021
Squaw, CA,AIR TEMPERATURE OBSERVED,30.38,degF,03/17/2021
Squaw, CA,AIR TEMPERATURE OBSERVED,31.82,degF,03/18/2021
Squaw, CA,AIR TEMPERATURE OBSERVED,32.0,degF,03/19/2021
Squaw, CA,AIR TEMPERATURE OBSERVED,24.62,degF,03/20/2021
Squaw, CA,AIR TEMPERATURE OBSERVED,20.66,degF,03/21/2021
Squaw, CA,AIR TEMPERATURE OBSERVED,31.46,degF,03/22/2021
Squaw, CA,AIR TEMPERATURE OBSERVED,25.52,degF,03/23/2021
Squaw, CA,AIR TEMPERATURE OBSERVED,22.64,degF,03/24/2021
Squaw, CA,AIR TEMPERATURE OBSERVED,27.14,degF,03/25/2021
Squaw, CA,AIR TEMPERATURE OBSERVED,23.0,degF,03/26/2021
Squaw, CA,AIR TEMPERATURE OBSERVED,32.0,degF,03/27/2021
Squaw, CA,AIR TEMPERATURE OBSERVED,41.36,degF,03/28/2021
Squaw, CA,AIR TEMPERATURE OBSERVED,40.28,degF,03/29/2021
Squaw, CA,AIR TEMPERATURE OBSERVED,29.66,degF,03/30/2021
Squaw, CA,AIR TEMPERATURE OBSERVED,30.38,degF,03/31/2021
Squaw, CA,AIR TEMPERATURE OBSERVED,44.6,degF,04/01/2021
Squaw, CA,WIND DIRECTION AVERAGE,289.0,degree,01/01/2021
Squaw, CA,WIND DIRECTION AVERAGE,284.0,degree,01/02/2021
Squaw, CA,WIND DIRECTION AVERAGE,268.0,degree,01/03/2021
Squaw, CA,WIND DIRECTION AVERAGE,259.0,degree,01/04/2021
Squaw, CA,WIND DIRECTION AVERAGE,280.0,degree,01/05/2021
Squaw, CA,WIND DIRECTION AVERAGE,288.0,degree,01/06/2021
Squaw, CA,WIND DIRECTION AVERAGE,308.0,degree,01/07/2021
Squaw, CA,WIND DIRECTION AVERAGE,288.0,degree,01/08/2021
Squaw, CA,WIND DIRECTION AVERAGE,348.0,degree,01/09/2021
Squaw, CA,WIND DIRECTION AVERAGE,294.0,degree,01/10/2021
Squaw, CA,WIND DIRECTION AVERAGE,289.0,degree,01/11/2021
Squaw, CA,WIND DIRECTION AVERAGE,284.0,degree,01/12/2021
Squaw, CA,WIND DIRECTION AVERAGE,290.0,degree,01/13/2021
Squaw, CA,WIND DIRECTION AVERAGE,293.0,degree,01/14/2021
Squaw, CA,WIND DIRECTION AVERAGE,301.0,degree,01/15/2021
Squaw, CA,WIND DIRECTION AVERAGE,276.0,degree,01/16/2021
Squaw, CA,WIND DIRECTION AVERAGE,117.0,degree,01/17/2021
Squaw, CA,WIND DIRECTION AVERAGE,102.0,degree,01/18/2021
Squaw, CA,WIND DIRECTION AVERAGE,108.0,degree,01/19/2021
Squaw, CA,WIND DIRECTION AVERAGE,291.0,degree,01/20/2021
Squaw, CA,WIND DIRECTION AVERAGE,289.0,degree,01/21/2021
Squaw, CA,WIND DIRECTION AVERAGE,231.0,degree,01/22/2021
Squaw, CA,WIND DIRECTION AVERAGE,73.0,degree,01/23/2021
Squaw, CA,WIND DIRECTION AVERAGE,282.0,degree,01/24/2021
Squaw, CA,WIND DIRECTION AVERAGE,13.0,degree,01/25/2021
Squaw, CA,WIND DIRECTION AVERAGE,259.0,degree,01/26/2021
Squaw, CA,WIND DIRECTION AVERAGE,209.0,degree,01/27/2021
Squaw, CA,WIND DIRECTION AVERAGE,223.0,degree,01/28/2021
Squaw, CA,WIND DIRECTION AVERAGE,287.0,degree,01/29/2021
Squaw, CA,WIND DIRECTION AVERAGE,229.0,degree,01/30/2021
Squaw, CA,WIND DIRECTION AVERAGE,176.0,degree,01/31/2021
Squaw, CA,WIND DIRECTION AVERAGE,168.0,degree,02/01/2021
Squaw, CA,WIND DIRECTION AVERAGE,232.0,degree,02/02/2021
Squaw, CA,WIND DIRECTION AVERAGE,305.0,degree,02/03/2021
Squaw, CA,WIND DIRECTION AVERAGE,94.0,degree,02/04/2021
Squaw, CA,WIND DIRECTION AVERAGE,52.0,degree,02/05/2021
Squaw, CA,WIND DIRECTION AVERAGE,315.0,degree,02/06/2021
Squaw, CA,WIND DIRECTION AVERAGE,287.0,degree,02/07/2021
Squaw, CA,WIND DIRECTION AVERAGE,289.0,degree,02/08/2021
Squaw, CA,WIND DIRECTION AVERAGE,275.0,degree,02/09/2021
Squaw, CA,WIND DIRECTION AVERAGE,293.0,degree,02/10/2021
Squaw, CA,WIND DIRECTION AVERAGE,284.0,degree,02/11/2021
Squaw, CA,WIND DIRECTION AVERAGE,286.0,degree,02/12/2021
Squaw, CA,WIND DIRECTION AVERAGE,299.0,degree,02/13/2021
Squaw, CA,WIND DIRECTION AVERAGE,296.0,degree,02/14/2021
Squaw, CA,WIND DIRECTION AVERAGE,282.0,degree,02/15/2021
Squaw, CA,WIND DIRECTION AVERAGE,312.0,degree,02/16/2021
Squaw, CA,WIND DIRECTION AVERAGE,87.0,degree,02/17/2021
Squaw, CA,WIND DIRECTION AVERAGE,300.0,degree,02/18/2021
Squaw, CA,WIND DIRECTION AVERAGE,298.0,degree,02/19/2021
Squaw, CA,WIND DIRECTION AVERAGE,38.0,degree,02/20/2021
Squaw, CA,WIND DIRECTION AVERAGE,88.0,degree,02/21/2021
Squaw, CA,WIND DIRECTION AVERAGE,103.0,degree,02/22/2021
Squaw, CA,WIND DIRECTION AVERAGE,77.0,degree,02/23/2021
Squaw, CA,WIND DIRECTION AVERAGE,74.0,degree,02/24/2021
Squaw, CA,WIND DIRECTION AVERAGE,323.0,degree,02/25/2021
Squaw, CA,WIND DIRECTION AVERAGE,290.0,degree,02/26/2021
Squaw, CA,WIND DIRECTION AVERAGE,82.0,degree,02/27/2021
Squaw, CA,WIND DIRECTION AVERAGE,122.0,degree,02/28/2021
Squaw, CA,WIND DIRECTION AVERAGE,217.0,degree,03/01/2021
Squaw, CA,WIND DIRECTION AVERAGE,277.0,degree,03/02/2021
Squaw, CA,WIND DIRECTION AVERAGE,291.0,degree,03/03/2021
Squaw, CA,WIND DIRECTION AVERAGE,262.0,degree,03/04/2021
Squaw, CA,WIND DIRECTION AVERAGE,193.0,degree,03/05/2021
Squaw, CA,WIND DIRECTION AVERAGE,261.0,degree,03/06/2021
Squaw, CA,WIND DIRECTION AVERAGE,257.0,degree,03/07/2021
Squaw, CA,WIND DIRECTION AVERAGE,130.0,degree,03/08/2021
Squaw, CA,WIND DIRECTION AVERAGE,230.0,degree,03/09/2021
Squaw, CA,WIND DIRECTION AVERAGE,261.0,degree,03/10/2021
Squaw, CA,WIND DIRECTION AVERAGE,64.0,degree,03/11/2021
Squaw, CA,WIND DIRECTION AVERAGE,70.0,degree,03/12/2021
Squaw, CA,WIND DIRECTION AVERAGE,317.0,degree,03/13/2021
Squaw, CA,WIND DIRECTION AVERAGE,272.0,degree,03/14/2021
Squaw, CA,WIND DIRECTION AVERAGE,322.0,degree,03/15/2021
Squaw, CA,WIND DIRECTION AVERAGE,273.0,degree,03/16/2021
Squaw, CA,WIND DIRECTION AVERAGE,224.0,degree,03/17/2021
Squaw, CA,WIND DIRECTION AVERAGE,190.0,degree,03/18/2021
Squaw, CA,WIND DIRECTION AVERAGE,306.0,degree,03/19/2021
Squaw, CA,WIND DIRECTION AVERAGE,298.0,degree,03/20/2021
Squaw, CA,WIND DIRECTION AVERAGE,52.0,degree,03/21/2021
Squaw, CA,WIND DIRECTION AVERAGE,288.0,degree,03/22/2021
Squaw, CA,WIND DIRECTION AVERAGE,97.0,degree,03/23/2021
Squaw, CA,WIND DIRECTION AVERAGE,270.0,degree,03/24/2021
Squaw, CA,WIND DIRECTION AVERAGE,294.0,degree,03/25/2021
Squaw, CA,WIND DIRECTION AVERAGE,101.0,degree,03/26/2021
Squaw, CA,WIND DIRECTION AVERAGE,85.0,degree,03/27/2021
Squaw, CA,WIND DIRECTION AVERAGE,283.0,degree,03/28/2021
Squaw, CA,WIND DIRECTION AVERAGE,297.0,degree,03/29/2021
Squaw, CA,WIND DIRECTION AVERAGE,109.0,degree,03/30/2021
Squaw, CA,WIND DIRECTION AVERAGE,264.0,degree,03/31/2021
Squaw, CA,WIND DIRECTION AVERAGE,261.0,degree,04/01/2021
Squaw, CA,WIND SPEED AVERAGE,7.6,mph,01/01/2021
Squaw, CA,WIND SPEED AVERAGE,7.9,mph,01/02/2021
Squaw, CA,WIND SPEED AVERAGE,6.7,mph,01/03/2021
Squaw, CA,WIND SPEED AVERAGE,13.5,mph,01/04/2021
Squaw, CA,WIND SPEED AVERAGE,6.7,mph,01/05/2021
Squaw, CA,WIND SPEED AVERAGE,9.5,mph,01/06/2021
Squaw, CA,WIND SPEED AVERAGE,3.2,mph,01/07/2021
Squaw, CA,WIND SPEED AVERAGE,9.6,mph,01/08/2021
Squaw, CA,WIND SPEED AVERAGE,2.6,mph,01/09/2021
Squaw, CA,WIND SPEED AVERAGE,7.3,mph,01/10/2021
Squaw, CA,WIND SPEED AVERAGE,4.2,mph,01/11/2021
Squaw, CA,WIND SPEED AVERAGE,10.6,mph,01/12/2021
Squaw, CA,WIND SPEED AVERAGE,7.2,mph,01/13/2021
Squaw, CA,WIND SPEED AVERAGE,1.8,mph,01/14/2021
Squaw, CA,WIND SPEED AVERAGE,6.4,mph,01/15/2021
Squaw, CA,WIND SPEED AVERAGE,1.7,mph,01/16/2021
Squaw, CA,WIND SPEED AVERAGE,2.2,mph,01/17/2021
Squaw, CA,WIND SPEED AVERAGE,6.8,mph,01/18/2021
Squaw, CA,WIND SPEED AVERAGE,8.5,mph,01/19/2021
Squaw, CA,WIND SPEED AVERAGE,3.7,mph,01/20/2021
Squaw, CA,WIND SPEED AVERAGE,7.3,mph,01/21/2021
Squaw, CA,WIND SPEED AVERAGE,8.3,mph,01/22/2021
Squaw, CA,WIND SPEED AVERAGE,5.2,mph,01/23/2021
Squaw, CA,WIND SPEED AVERAGE,8.8,mph,01/24/2021
Squaw, CA,WIND SPEED AVERAGE,4.3,mph,01/25/2021
Squaw, CA,WIND SPEED AVERAGE,10.3,mph,01/26/2021
Squaw, CA,WIND SPEED AVERAGE,17.4,mph,01/27/2021
Squaw, CA,WIND SPEED AVERAGE,12.1,mph,01/28/2021
Squaw, CA,WIND SPEED AVERAGE,7.1,mph,01/29/2021
Squaw, CA,WIND SPEED AVERAGE,7.1,mph,01/30/2021
Squaw, CA,WIND SPEED AVERAGE,7.8,mph,01/31/2021
Squaw, CA,WIND SPEED AVERAGE,11.3,mph,02/01/2021
Squaw, CA,WIND SPEED AVERAGE,11.4,mph,02/02/2021
Squaw, CA,WIND SPEED AVERAGE,13.5,mph,02/03/2021
Squaw, CA,WIND SPEED AVERAGE,3.4,mph,02/04/2021
Squaw, CA,WIND SPEED AVERAGE,2.9,mph,02/05/2021
Squaw, CA,WIND SPEED AVERAGE,4.0,mph,02/06/2021
Squaw, CA,WIND SPEED AVERAGE,4.8,mph,02/07/2021
Squaw, CA,WIND SPEED AVERAGE,8.9,mph,02/08/2021
Squaw, CA,WIND SPEED AVERAGE,10.8,mph,02/09/2021
Squaw, CA,WIND SPEED AVERAGE,5.6,mph,02/10/2021
Squaw, CA,WIND SPEED AVERAGE,10.9,mph,02/11/2021
Squaw, CA,WIND SPEED AVERAGE,10.4,mph,02/12/2021
Squaw, CA,WIND SPEED AVERAGE,11.9,mph,02/13/2021
Squaw, CA,WIND SPEED AVERAGE,6.6,mph,02/14/2021
Squaw, CA,WIND SPEED AVERAGE,13.0,mph,02/15/2021
Squaw, CA,WIND SPEED AVERAGE,5.1,mph,02/16/2021
Squaw, CA,WIND SPEED AVERAGE,5.2,mph,02/17/2021
Squaw, CA,WIND SPEED AVERAGE,9.8,mph,02/18/2021
Squaw, CA,WIND SPEED AVERAGE,11.5,mph,02/19/2021
Squaw, CA,WIND SPEED AVERAGE,6.8,mph,02/20/2021
Squaw, CA,WIND SPEED AVERAGE,3.0,mph,02/21/2021
Squaw, CA,WIND SPEED AVERAGE,2.7,mph,02/22/2021
Squaw, CA,WIND SPEED AVERAGE,4.3,mph,02/23/2021
Squaw, CA,WIND SPEED AVERAGE,5.2,mph,02/24/2021
Squaw, CA,WIND SPEED AVERAGE,5.0,mph,02/25/2021
Squaw, CA,WIND SPEED AVERAGE,10.2,mph,02/26/2021
Squaw, CA,WIND SPEED AVERAGE,6.0,mph,02/27/2021
Squaw, CA,WIND SPEED AVERAGE,2.5,mph,02/28/2021
Squaw, CA,WIND SPEED AVERAGE,7.0,mph,03/01/2021
Squaw, CA,WIND SPEED AVERAGE,3.7,mph,03/02/2021
Squaw, CA,WIND SPEED AVERAGE,5.5,mph,03/03/2021
Squaw, CA,WIND SPEED AVERAGE,7.2,mph,03/04/2021
Squaw, CA,WIND SPEED AVERAGE,10.3,mph,03/05/2021
Squaw, CA,WIND SPEED AVERAGE,14.8,mph,03/06/2021
Squaw, CA,WIND SPEED AVERAGE,5.3,mph,03/07/2021
Squaw, CA,WIND SPEED AVERAGE,7.2,mph,03/08/2021
Squaw, CA,WIND SPEED AVERAGE,7.9,mph,03/09/2021
Squaw, CA,WIND SPEED AVERAGE,6.9,mph,03/10/2021
Squaw, CA,WIND SPEED AVERAGE,4.4,mph,03/11/2021
Squaw, CA,WIND SPEED AVERAGE,5.2,mph,03/12/2021
Squaw, CA,WIND SPEED AVERAGE,4.4,mph,03/13/2021
Squaw, CA,WIND SPEED AVERAGE,10.3,mph,03/14/2021
Squaw, CA,WIND SPEED AVERAGE,7.1,mph,03/15/2021
Squaw, CA,WIND SPEED AVERAGE,7.4,mph,03/16/2021
Squaw, CA,WIND SPEED AVERAGE,7.7,mph,03/17/2021
Squaw, CA,WIND SPEED AVERAGE,10.3,mph,03/18/2021
Squaw, CA,WIND SPEED AVERAGE,9.3,mph,03/19/2021
Squaw, CA,WIND SPEED AVERAGE,7.7,mph,03/20/2021
Squaw, CA,WIND SPEED AVERAGE,4.1,mph,03/21/2021
Squaw, CA,WIND SPEED AVERAGE,10.9,mph,03/22/2021
Squaw, CA,WIND SPEED AVERAGE,9.5,mph,03/23/2021
Squaw, CA,WIND SPEED AVERAGE,9.0,mph,03/24/2021
Squaw, CA,WIND SPEED AVERAGE,10.4,mph,03/25/2021
Squaw, CA,WIND SPEED AVERAGE,5.4,mph,03/26/2021
Squaw, CA,WIND SPEED AVERAGE,2.4,mph,03/27/2021
Squaw, CA,WIND SPEED AVERAGE,9.9,mph,03/28/2021
Squaw, CA,WIND SPEED AVERAGE,10.4,mph,03/29/2021
Squaw, CA,WIND SPEED AVERAGE,4.1,mph,03/30/2021
Squaw, CA,WIND SPEED AVERAGE,2.0,mph,03/31/2021
Squaw, CA,WIND SPEED AVERAGE,6.7,mph,04/01/2021
Squaw, CA,WIND SPEED MAXIMUM,37.7,mph,01/01/2021
Squaw, CA,WIND SPEED MAXIMUM,33.7,mph,01/02/2021
Squaw, CA,WIND SPEED MAXIMUM,22.0,mph,01/03/2021
Squaw, CA,WIND SPEED MAXIMUM,60.3,mph,01/04/2021
Squaw, CA,WIND SPEED MAXIMUM,21.8,mph,01/05/2021
Squaw, CA,WIND SPEED MAXIMUM,40.0,mph,01/06/2021
Squaw, CA,WIND SPEED MAXIMUM,26.8,mph,01/07/2021
Squaw, CA,WIND SPEED MAXIMUM,34.8,mph,01/08/2021
Squaw, CA,WIND SPEED MAXIMUM,13.9,mph,01/09/2021
Squaw, CA,WIND SPEED MAXIMUM,23.0,mph,01/10/2021
Squaw, CA,WIND SPEED MAXIMUM,19.8,mph,01/11/2021
Squaw, CA,WIND SPEED MAXIMUM,34.5,mph,01/12/2021
Squaw, CA,WIND SPEED MAXIMUM,29.4,mph,01/13/2021
Squaw, CA,WIND SPEED MAXIMUM,8.5,mph,01/14/2021
Squaw, CA,WIND SPEED MAXIMUM,21.2,mph,01/15/2021
Squaw, CA,WIND SPEED MAXIMUM,6.9,mph,01/16/2021
Squaw, CA,WIND SPEED MAXIMUM,11.7,mph,01/17/2021
Squaw, CA,WIND SPEED MAXIMUM,31.7,mph,01/18/2021
Squaw, CA,WIND SPEED MAXIMUM,35.3,mph,01/19/2021
Squaw, CA,WIND SPEED MAXIMUM,12.2,mph,01/20/2021
Squaw, CA,WIND SPEED MAXIMUM,29.7,mph,01/21/2021
Squaw, CA,WIND SPEED MAXIMUM,31.7,mph,01/22/2021
Squaw, CA,WIND SPEED MAXIMUM,17.4,mph,01/23/2021
Squaw, CA,WIND SPEED MAXIMUM,31.9,mph,01/24/2021
Squaw, CA,WIND SPEED MAXIMUM,22.2,mph,01/25/2021
Squaw, CA,WIND SPEED MAXIMUM,45.7,mph,01/26/2021
Squaw, CA,WIND SPEED MAXIMUM,53.6,mph,01/27/2021
Squaw, CA,WIND SPEED MAXIMUM,41.8,mph,01/28/2021
Squaw, CA,WIND SPEED MAXIMUM,29.2,mph,01/29/2021
Squaw, CA,WIND SPEED MAXIMUM,34.2,mph,01/30/2021
Squaw, CA,WIND SPEED MAXIMUM,28.1,mph,01/31/2021
Squaw, CA,WIND SPEED MAXIMUM,39.1,mph,02/01/2021
Squaw, CA,WIND SPEED MAXIMUM,39.3,mph,02/02/2021
Squaw, CA,WIND SPEED MAXIMUM,60.1,mph,02/03/2021
Squaw, CA,WIND SPEED MAXIMUM,13.5,mph,02/04/2021
Squaw, CA,WIND SPEED MAXIMUM,20.5,mph,02/05/2021
Squaw, CA,WIND SPEED MAXIMUM,16.8,mph,02/06/2021
Squaw, CA,WIND SPEED MAXIMUM,19.2,mph,02/07/2021
Squaw, CA,WIND SPEED MAXIMUM,28.7,mph,02/08/2021
Squaw, CA,WIND SPEED MAXIMUM,31.3,mph,02/09/2021
Squaw, CA,WIND SPEED MAXIMUM,14.9,mph,02/10/2021
Squaw, CA,WIND SPEED MAXIMUM,42.0,mph,02/11/2021
Squaw, CA,WIND SPEED MAXIMUM,27.5,mph,02/12/2021
Squaw, CA,WIND SPEED MAXIMUM,44.0,mph,02/13/2021
Squaw, CA,WIND SPEED MAXIMUM,25.5,mph,02/14/2021
Squaw, CA,WIND SPEED MAXIMUM,43.1,mph,02/15/2021
Squaw, CA,WIND SPEED MAXIMUM,25.8,mph,02/16/2021
Squaw, CA,WIND SPEED MAXIMUM,19.3,mph,02/17/2021
Squaw, CA,WIND SPEED MAXIMUM,40.8,mph,02/18/2021
Squaw, CA,WIND SPEED MAXIMUM,44.6,mph,02/19/2021
Squaw, CA,WIND SPEED MAXIMUM,46.4,mph,02/20/2021
Squaw, CA,WIND SPEED MAXIMUM,14.3,mph,02/21/2021
Squaw, CA,WIND SPEED MAXIMUM,14.1,mph,02/22/2021
Squaw, CA,WIND SPEED MAXIMUM,22.4,mph,02/23/2021
Squaw, CA,WIND SPEED MAXIMUM,26.8,mph,02/24/2021
Squaw, CA,WIND SPEED MAXIMUM,28.1,mph,02/25/2021
Squaw, CA,WIND SPEED MAXIMUM,33.0,mph,02/26/2021
Squaw, CA,WIND SPEED MAXIMUM,22.3,mph,02/27/2021
Squaw, CA,WIND SPEED MAXIMUM,16.2,mph,02/28/2021
Squaw, CA,WIND SPEED MAXIMUM,29.4,mph,03/01/2021
Squaw, CA,WIND SPEED MAXIMUM,20.5,mph,03/02/2021
Squaw, CA,WIND SPEED MAXIMUM,20.7,mph,03/03/2021
Squaw, CA,WIND SPEED MAXIMUM,23.6,mph,03/04/2021
Squaw, CA,WIND SPEED MAXIMUM,38.5,mph,03/05/2021
Squaw, CA,WIND SPEED MAXIMUM,58.3,mph,03/06/2021
Squaw, CA,WIND SPEED MAXIMUM,21.1,mph,03/07/2021
Squaw, CA,WIND SPEED MAXIMUM,38.9,mph,03/08/2021
Squaw, CA,WIND SPEED MAXIMUM,29.3,mph,03/09/2021
Squaw, CA,WIND SPEED MAXIMUM,30.6,mph,03/10/2021
Squaw, CA,WIND SPEED MAXIMUM,21.4,mph,03/11/2021
Squaw, CA,WIND SPEED MAXIMUM,20.8,mph,03/12/2021
Squaw, CA,WIND SPEED MAXIMUM,16.7,mph,03/13/2021
Squaw, CA,WIND SPEED MAXIMUM,35.8,mph,03/14/2021
Squaw, CA,WIND SPEED MAXIMUM,34.0,mph,03/15/2021
Squaw, CA,WIND SPEED MAXIMUM,21.0,mph,03/16/2021
Squaw, CA,WIND SPEED MAXIMUM,26.7,mph,03/17/2021
Squaw, CA,WIND SPEED MAXIMUM,35.1,mph,03/18/2021
Squaw, CA,WIND SPEED MAXIMUM,32.7,mph,03/19/2021
Squaw, CA,WIND SPEED MAXIMUM,31.9,mph,03/20/2021
Squaw, CA,WIND SPEED MAXIMUM,15.4,mph,03/21/2021
Squaw, CA,WIND SPEED MAXIMUM,25.2,mph,03/22/2021
Squaw, CA,WIND SPEED MAXIMUM,30.9,mph,03/23/2021
Squaw, CA,WIND SPEED MAXIMUM,25.3,mph,03/24/2021
Squaw, CA,WIND SPEED MAXIMUM,36.9,mph,03/25/2021
Squaw, CA,WIND SPEED MAXIMUM,21.0,mph,03/26/2021
Squaw, CA,WIND SPEED MAXIMUM,15.0,mph,03/27/2021
Squaw, CA,WIND SPEED MAXIMUM,30.7,mph,03/28/2021
Squaw, CA,WIND SPEED MAXIMUM,40.6,mph,03/29/2021
Squaw, CA,WIND SPEED MAXIMUM,22.6,mph,03/30/2021
Squaw, CA,WIND SPEED MAXIMUM,17.3,mph,03/31/2021
Squaw, CA,WIND SPEED MAXIMUM,28.0,mph,04/01/2021
Squaw, CA,SNOW WATER EQUIVALENT,10.6,in,01/01/2021
Squaw, CA,SNOW WATER EQUIVALENT,10.7,in,01/02/2021
Squaw, CA,SNOW WATER EQUIVALENT,10.8,in,01/03/2021
Squaw, CA,SNOW WATER EQUIVALENT,10.9,in,01/04/2021
Squaw, CA,SNOW WATER EQUIVALENT,11.0,in,01/05/2021
Squaw, CA,SNOW WATER EQUIVALENT,11.0,in,01/06/2021
Squaw, CA,SNOW WATER EQUIVALENT,11.0,in,01/07/2021
Squaw, CA,SNOW WATER EQUIVALENT,11.0,in,01/08/2021
Squaw, CA,SNOW WATER EQUIVALENT,11.0,in,01/09/2021
Squaw, CA,SNOW WATER EQUIVALENT,11.0,in,01/10/2021
Squaw, CA,SNOW WATER EQUIVALENT,11.0,in,01/11/2021
Squaw, CA,SNOW WATER EQUIVALENT,11.0,in,01/12/2021
Squaw, CA,SNOW WATER EQUIVALENT,11.0,in,01/13/2021
Squaw, CA,SNOW WATER EQUIVALENT,10.9,in,01/14/2021
Squaw, CA,SNOW WATER EQUIVALENT,10.8,in,01/15/2021
Squaw, CA,SNOW WATER EQUIVALENT,10.7,in,01/16/2021
Squaw, CA,SNOW WATER EQUIVALENT,10.6,in,01/17/2021
Squaw, CA,SNOW WATER EQUIVALENT,10.5,in,01/18/2021
Squaw, CA,SNOW WATER EQUIVALENT,10.5,in,01/19/2021
Squaw, CA,SNOW WATER EQUIVALENT,10.5,in,01/20/2021
Squaw, CA,SNOW WATER EQUIVALENT,10.5,in,01/21/2021
Squaw, CA,SNOW WATER EQUIVALENT,10.5,in,01/22/2021
Squaw, CA,SNOW WATER EQUIVALENT,10.6,in,01/23/2021
Squaw, CA,SNOW WATER EQUIVALENT,10.6,in,01/24/2021
Squaw, CA,SNOW WATER EQUIVALENT,11.1,in,01/25/2021
Squaw, CA,SNOW WATER EQUIVALENT,11.1,in,01/26/2021
Squaw, CA,SNOW WATER EQUIVALENT,11.5,in,01/27/2021
Squaw, CA,SNOW WATER EQUIVALENT,13.4,in,01/28/2021
Squaw, CA,SNOW WATER EQUIVALENT,15.9,in,01/29/2021
Squaw, CA,SNOW WATER EQUIVALENT,16.6,in,01/30/2021
Squaw, CA,SNOW WATER EQUIVALENT,16.6,in,01/31/2021
Squaw, CA,SNOW WATER EQUIVALENT,16.6,in,02/01/2021
Squaw, CA,SNOW WATER EQUIVALENT,16.6,in,02/02/2021
Squaw, CA,SNOW WATER EQUIVALENT,16.8,in,02/03/2021
Squaw, CA,SNOW WATER EQUIVALENT,16.9,in,02/04/2021
Squaw, CA,SNOW WATER EQUIVALENT,16.9,in,02/05/2021
Squaw, CA,SNOW WATER EQUIVALENT,16.9,in,02/06/2021
Squaw, CA,SNOW WATER EQUIVALENT,16.9,in,02/07/2021
Squaw, CA,SNOW WATER EQUIVALENT,16.9,in,02/08/2021
Squaw, CA,SNOW WATER EQUIVALENT,17.0,in,02/09/2021
Squaw, CA,SNOW WATER EQUIVALENT,17.0,in,02/10/2021
Squaw, CA,SNOW WATER EQUIVALENT,17.1,in,02/11/2021
Squaw, CA,SNOW WATER EQUIVALENT,18.9,in,02/12/2021
Squaw, CA,SNOW WATER EQUIVALENT,19.1,in,02/13/2021
Squaw, CA,SNOW WATER EQUIVALENT,20.6,in,02/14/2021
Squaw, CA,SNOW WATER EQUIVALENT,20.7,in,02/15/2021
Squaw, CA,SNOW WATER EQUIVALENT,20.8,in,02/16/2021
Squaw, CA,SNOW WATER EQUIVALENT,20.8,in,02/17/2021
Squaw, CA,SNOW WATER EQUIVALENT,20.8,in,02/18/2021
Squaw, CA,SNOW WATER EQUIVALENT,20.8,in,02/19/2021
Squaw, CA,SNOW WATER EQUIVALENT,20.9,in,02/20/2021
Squaw, CA,SNOW WATER EQUIVALENT,20.9,in,02/21/2021
Squaw, CA,SNOW WATER EQUIVALENT,20.9,in,02/22/2021
Squaw, CA,SNOW WATER EQUIVALENT,20.9,in,02/23/2021
Squaw, CA,SNOW WATER EQUIVALENT,20.8,in,02/24/2021
Squaw, CA,SNOW WATER EQUIVALENT,20.7,in,02/25/2021
Squaw, CA,SNOW WATER EQUIVALENT,20.7,in,02/26/2021
Squaw, CA,SNOW WATER EQUIVALENT,20.7,in,02/27/2021
Squaw, CA,SNOW WATER EQUIVALENT,20.7,in,02/28/2021
Squaw, CA,SNOW WATER EQUIVALENT,20.7,in,03/01/2021
Squaw, CA,SNOW WATER EQUIVALENT,20.7,in,03/02/2021
Squaw, CA,SNOW WATER EQUIVALENT,20.7,in,03/03/2021
Squaw, CA,SNOW WATER EQUIVALENT,20.7,in,03/04/2021
Squaw, CA,SNOW WATER EQUIVALENT,20.7,in,03/05/2021
Squaw, CA,SNOW WATER EQUIVALENT,20.7,in,03/06/2021
Squaw, CA,SNOW WATER EQUIVALENT,20.9,in,03/07/2021
Squaw, CA,SNOW WATER EQUIVALENT,20.9,in,03/08/2021
Squaw, CA,SNOW WATER EQUIVALENT,20.9,in,03/09/2021
Squaw, CA,SNOW WATER EQUIVALENT,21.3,in,03/10/2021
Squaw, CA,SNOW WATER EQUIVALENT,21.8,in,03/11/2021
Squaw, CA,SNOW WATER EQUIVALENT,22.3,in,03/12/2021
Squaw, CA,SNOW WATER EQUIVALENT,22.3,in,03/13/2021
Squaw, CA,SNOW WATER EQUIVALENT,22.3,in,03/14/2021
Squaw, CA,SNOW WATER EQUIVALENT,22.5,in,03/15/2021
Squaw, CA,SNOW WATER EQUIVALENT,22.7,in,03/16/2021
Squaw, CA,SNOW WATER EQUIVALENT,22.7,in,03/17/2021
Squaw, CA,SNOW WATER EQUIVALENT,22.9,in,03/18/2021
Squaw, CA,SNOW WATER EQUIVALENT,23.2,in,03/19/2021
Squaw, CA,SNOW WATER EQUIVALENT,24.4,in,03/20/2021
Squaw, CA,SNOW WATER EQUIVALENT,24.4,in,03/21/2021
Squaw, CA,SNOW WATER EQUIVALENT,24.6,in,03/22/2021
Squaw, CA,SNOW WATER EQUIVALENT,24.7,in,03/23/2021
Squaw, CA,SNOW WATER EQUIVALENT,24.7,in,03/24/2021
Squaw, CA,SNOW WATER EQUIVALENT,24.8,in,03/25/2021
Squaw, CA,SNOW WATER EQUIVALENT,24.8,in,03/26/2021
Squaw, CA,SNOW WATER EQUIVALENT,24.8,in,03/27/2021
Squaw, CA,SNOW WATER EQUIVALENT,24.7,in,03/28/2021
Squaw, CA,SNOW WATER EQUIVALENT,24.6,in,03/29/2021
Squaw, CA,SNOW WATER EQUIVALENT,24.5,in,03/30/2021
Squaw, CA,SNOW WATER EQUIVALENT,24.4,in,03/31/2021
Squaw, CA,SNOW WATER EQUIVALENT,24.2,in,04/01/2021
